{
"type": "FeatureCollection",
"name": "gmw_mng_2020_v4019",
"crs": { "type": "name", "properties": { "name": "urn:ogc:def:crs:OGC:1.3:CRS84" } },
"features": [
{"type":"Feature","properties":{"ClassID":1},"geometry":{"type":"Polygon","coordinates":[[[120.6179,13.9694],[120.6185,13.9694],[120.6185,13.9693],[120.6195,13.9693],[120.6195,13.9692],[120.62,13.9692],[120.62,13.9691],[120.6202,13.9691],[120.6202,13.969],[120.6203,13.969],[120.6203,13.9689],[120.6204,13.9689],[120.6204,13.9688],[120.6207,13.9688],[120.6207,13.969],[120.6211,13.969],[120.6211,13.9689],[120.6215,13.9689],[120.6215,13.9688],[120.6216,13.9688],[120.6216,13.9687],[120.6217,13.9687],[120.6217,13.9685],[120.6221,13.9685],[120.6221,13.9684],[120.6225,13.9684],[120.6225,13.9685],[120.6227,13.9685],[120.6227,13.9684],[120.6229,13.9684],[120.6229,13.9685],[120.6235,13.9685],[120.6235,13.9686],[120.6239,13.9686],[120.6239,13.9687],[120.6243,13.9687],[120.6243,13.9686],[120.6244,13.9686],[120.6244,13.969],[120.6243,13.969],[120.6243,13.9692],[120.6248,13.9692],[120.6248,13.9691],[120.6249,13.9691],[120.6249,13.9687],[120.6247,13.9687],[120.6247,13.9686],[120.6246,13.9686],[120.6246,13.9684],[120.6245,13.9684],[120.6245,13.9682],[120.6243,13.9682],[120.6243,13.9681],[120.6241,13.9681],[120.6241,13.968],[120.624,13.968],[120.624,13.9681],[120.6239,13.9681],[120.6239,13.9682],[120.6237,13.9682],[120.6237,13.9681],[120.6236,13.9681],[120.6236,13.9682],[120.6235,13.9682],[120.6235,13.968],[120.6234,13.968],[120.6234,13.9679],[120.6229,13.9679],[120.6229,13.9678],[120.6224,13.9678],[120.6224,13.9677],[120.6223,13.9677],[120.6223,13.9678],[120.6222,13.9678],[120.6222,13.9677],[120.6221,13.9677],[120.6221,13.9678],[120.6217,13.9678],[120.6217,13.9679],[120.6214,13.9679],[120.6214,13.9678],[120.6209,13.9678],[120.6209,13.9679],[120.6207,13.9679],[120.6207,13.9673],[120.6208,13.9673],[120.6208,13.9672],[120.6212,13.9672],[120.6212,13.967],[120.621,13.967],[120.621,13.9668],[120.6209,13.9668],[120.6209,13.9667],[120.621,13.9667],[120.621,13.9666],[120.6211,13.9666],[120.6211,13.9663],[120.6212,13.9663],[120.6212,13.9662],[120.6211,13.9662],[120.6211,13.9661],[120.6212,13.9661],[120.6212,13.9659],[120.6214,13.9659],[120.6214,13.9658],[120.6218,13.9658],[120.6218,13.9659],[120.6219,13.9659],[120.6219,13.9658],[120.622,13.9658],[120.622,13.9657],[120.6222,13.9657],[120.6222,13.9656],[120.6221,13.9656],[120.6221,13.9655],[120.622,13.9655],[120.622,13.9654],[120.6218,13.9654],[120.6218,13.9652],[120.6213,13.9652],[120.6213,13.9651],[120.6209,13.9651],[120.6209,13.9649],[120.6207,13.9649],[120.6207,13.9648],[120.6206,13.9648],[120.6206,13.9649],[120.6202,13.9649],[120.6202,13.965],[120.6201,13.965],[120.6201,13.9651],[120.6202,13.9651],[120.6202,13.9652],[120.6199,13.9652],[120.6199,13.9649],[120.6197,13.9649],[120.6197,13.965],[120.6195,13.965],[120.6195,13.9649],[120.6188,13.9649],[120.6188,13.965],[120.6187,13.965],[120.6187,13.9653],[120.6186,13.9653],[120.6186,13.9654],[120.6182,13.9654],[120.6182,13.9658],[120.6181,13.9658],[120.6181,13.9659],[120.618,13.9659],[120.618,13.9662],[120.6179,13.9662],[120.6179,13.9666],[120.6177,13.9666],[120.6177,13.9669],[120.6175,13.9669],[120.6175,13.9672],[120.6174,13.9672],[120.6174,13.9673],[120.6173,13.9673],[120.6173,13.9675],[120.6162,13.9675],[120.6162,13.9674],[120.6157,13.9674],[120.6157,13.9673],[120.6155,13.9673],[120.6155,13.9671],[120.6154,13.9671],[120.6154,13.967],[120.6153,13.967],[120.6153,13.9668],[120.6149,13.9668],[120.6149,13.9669],[120.6147,13.9669],[120.6147,13.967],[120.6144,13.967],[120.6144,13.9673],[120.6143,13.9673],[120.6143,13.9675],[120.6144,13.9675],[120.6144,13.9677],[120.6145,13.9677],[120.6145,13.9678],[120.6146,13.9678],[120.6146,13.9677],[120.6148,13.9677],[120.6148,13.9678],[120.6149,13.9678],[120.6149,13.9677],[120.615,13.9677],[120.615,13.9676],[120.6151,13.9676],[120.6151,13.9677],[120.6155,13.9677],[120.6155,13.9678],[120.6157,13.9678],[120.6157,13.9677],[120.6159,13.9677],[120.6159,13.9678],[120.6161,13.9678],[120.6161,13.9677],[120.6162,13.9677],[120.6162,13.9678],[120.6163,13.9678],[120.6163,13.9679],[120.6165,13.9679],[120.6165,13.9678],[120.6166,13.9678],[120.6166,13.9679],[120.6168,13.9679],[120.6168,13.9678],[120.6169,13.9678],[120.6169,13.9686],[120.617,13.9686],[120.617,13.9687],[120.6172,13.9687],[120.6172,13.9688],[120.6173,13.9688],[120.6173,13.9689],[120.6174,13.9689],[120.6174,13.969],[120.6177,13.969],[120.6177,13.9692],[120.6179,13.9692],[120.6179,13.9694]],[[120.6176,13.9689],[120.6176,13.9688],[120.6178,13.9688],[120.6178,13.9689],[120.6176,13.9689]],[[120.6203,13.9687],[120.6203,13.9686],[120.6202,13.9686],[120.6202,13.9685],[120.62,13.9685],[120.62,13.9681],[120.6204,13.9681],[120.6204,13.9682],[120.6205,13.9682],[120.6205,13.9683],[120.6204,13.9683],[120.6204,13.9684],[120.6205,13.9684],[120.6205,13.9687],[120.6203,13.9687]],[[120.6183,13.9679],[120.6183,13.9678],[120.6184,13.9678],[120.6184,13.9679],[120.6183,13.9679]],[[120.6203,13.9679],[120.6203,13.9677],[120.6204,13.9677],[120.6204,13.9676],[120.6205,13.9676],[120.6205,13.9677],[120.6206,13.9677],[120.6206,13.9679],[120.6203,13.9679]],[[120.6169,13.9678],[120.6169,13.9676],[120.6172,13.9676],[120.6172,13.9677],[120.617,13.9677],[120.617,13.9678],[120.6169,13.9678]],[[120.6216,13.9657],[120.6216,13.9656],[120.6217,13.9656],[120.6217,13.9657],[120.6216,13.9657]]]}},
{"type":"Feature","properties":{"ClassID":1},"geometry":{"type":"Polygon","coordinates":[[[120.6254,13.9714],[120.6259,13.9714],[120.6259,13.9713],[120.626,13.9713],[120.626,13.9712],[120.6261,13.9712],[120.6261,13.9713],[120.6262,13.9713],[120.6262,13.9712],[120.6263,13.9712],[120.6263,13.9708],[120.6264,13.9708],[120.6264,13.9704],[120.6267,13.9704],[120.6267,13.9702],[120.6266,13.9702],[120.6266,13.9701],[120.6264,13.9701],[120.6264,13.97],[120.6265,13.97],[120.6265,13.9699],[120.6263,13.9699],[120.6263,13.9698],[120.6261,13.9698],[120.6261,13.9699],[120.6259,13.9699],[120.6259,13.97],[120.6258,13.97],[120.6258,13.9701],[120.6257,13.9701],[120.6257,13.9703],[120.6256,13.9703],[120.6256,13.9709],[120.6253,13.9709],[120.6253,13.9708],[120.6252,13.9708],[120.6252,13.971],[120.6251,13.971],[120.6251,13.9712],[120.6252,13.9712],[120.6252,13.9713],[120.6254,13.9713],[120.6254,13.9714]]]}},
{"type":"Feature","properties":{"ClassID":1},"geometry":{"type":"Polygon","coordinates":[[[120.6095,13.9715],[120.6101,13.9715],[120.6101,13.9713],[120.6102,13.9713],[120.6102,13.9712],[120.6103,13.9712],[120.6103,13.971],[120.6104,13.971],[120.6104,13.9707],[120.6105,13.9707],[120.6105,13.9706],[120.6108,13.9706],[120.6108,13.9704],[120.6109,13.9704],[120.6109,13.9703],[120.6112,13.9703],[120.6112,13.9701],[120.6113,13.9701],[120.6113,13.97],[120.6114,13.97],[120.6114,13.9698],[120.6116,13.9698],[120.6116,13.9697],[120.6117,13.9697],[120.6117,13.9694],[120.6118,13.9694],[120.6118,13.9693],[120.6117,13.9693],[120.6117,13.9692],[120.6116,13.9692],[120.6116,13.9693],[120.6114,13.9693],[120.6114,13.9696],[120.6113,13.9696],[120.6113,13.9697],[120.611,13.9697],[120.611,13.9698],[120.6109,13.9698],[120.6109,13.9699],[120.6107,13.9699],[120.6107,13.9698],[120.6108,13.9698],[120.6108,13.9696],[120.6107,13.9696],[120.6107,13.9697],[120.6106,13.9697],[120.6106,13.9698],[120.6105,13.9698],[120.6105,13.9702],[120.6104,13.9702],[120.6104,13.9703],[120.6103,13.9703],[120.6103,13.9707],[120.6102,13.9707],[120.6102,13.9708],[120.6101,13.9708],[120.6101,13.971],[120.61,13.971],[120.61,13.9712],[120.6099,13.9712],[120.6099,13.9713],[120.6098,13.9713],[120.6098,13.9714],[120.6095,13.9714],[120.6095,13.9715]]]}},
{"type":"Feature","properties":{"ClassID":1},"geometry":{"type":"Polygon","coordinates":[[[120.607,13.9761],[120.6071,13.9761],[120.6071,13.9758],[120.6072,13.9758],[120.6072,13.9751],[120.6074,13.9751],[120.6074,13.975],[120.6075,13.975],[120.6075,13.9749],[120.6076,13.9749],[120.6076,13.9748],[120.6077,13.9748],[120.6077,13.9746],[120.6078,13.9746],[120.6078,13.9743],[120.6079,13.9743],[120.6079,13.9742],[120.608,13.9742],[120.608,13.9736],[120.6081,13.9736],[120.6081,13.9735],[120.6079,13.9735],[120.6079,13.9737],[120.6078,13.9737],[120.6078,13.9739],[120.6077,13.9739],[120.6077,13.974],[120.6075,13.974],[120.6075,13.9741],[120.6074,13.9741],[120.6074,13.9743],[120.6073,13.9743],[120.6073,13.9745],[120.6072,13.9745],[120.6072,13.9746],[120.6071,13.9746],[120.6071,13.9748],[120.607,13.9748],[120.607,13.9755],[120.6069,13.9755],[120.6069,13.9759],[120.607,13.9759],[120.607,13.9761]]]}},
{"type":"Feature","properties":{"ClassID":1},"geometry":{"type":"Polygon","coordinates":[[[120.6264,13.991],[120.6267,13.991],[120.6267,13.9907],[120.6269,13.9907],[120.6269,13.9905],[120.6268,13.9905],[120.6268,13.9903],[120.6269,13.9903],[120.6269,13.99],[120.627,13.99],[120.627,13.9897],[120.6271,13.9897],[120.6271,13.9896],[120.6272,13.9896],[120.6272,13.9895],[120.6273,13.9895],[120.6273,13.9894],[120.6274,13.9894],[120.6274,13.9895],[120.6275,13.9895],[120.6275,13.9892],[120.6278,13.9892],[120.6278,13.9891],[120.6279,13.9891],[120.6279,13.989],[120.628,13.989],[120.628,13.9889],[120.6281,13.9889],[120.6281,13.9888],[120.6282,13.9888],[120.6282,13.9887],[120.6283,13.9887],[120.6283,13.9888],[120.6285,13.9888],[120.6285,13.9887],[120.6284,13.9887],[120.6284,13.9886],[120.6286,13.9886],[120.6286,13.9885],[120.6288,13.9885],[120.6288,13.9883],[120.6286,13.9883],[120.6286,13.9882],[120.6284,13.9882],[120.6284,13.9883],[120.6279,13.9883],[120.6279,13.9884],[120.6277,13.9884],[120.6277,13.9885],[120.6275,13.9885],[120.6275,13.9886],[120.6274,13.9886],[120.6274,13.9887],[120.6273,13.9887],[120.6273,13.9888],[120.6272,13.9888],[120.6272,13.9889],[120.627,13.9889],[120.627,13.9891],[120.6268,13.9891],[120.6268,13.9894],[120.6267,13.9894],[120.6267,13.9896],[120.6268,13.9896],[120.6268,13.9897],[120.6266,13.9897],[120.6266,13.9898],[120.6265,13.9898],[120.6265,13.9906],[120.6264,13.9906],[120.6264,13.9908],[120.6263,13.9908],[120.6263,13.9909],[120.6264,13.9909],[120.6264,13.991]]]}},
{"type":"Feature","properties":{"ClassID":1},"geometry":{"type":"Polygon","coordinates":[[[120.624,13.997],[120.6244,13.997],[120.6244,13.9968],[120.6243,13.9968],[120.6243,13.9966],[120.6242,13.9966],[120.6242,13.9965],[120.6241,13.9965],[120.6241,13.9964],[120.624,13.9964],[120.624,13.9963],[120.6239,13.9963],[120.6239,13.9965],[120.6238,13.9965],[120.6238,13.9966],[120.6239,13.9966],[120.6239,13.9968],[120.624,13.9968],[120.624,13.997]]]}},
{"type":"Feature","properties":{"ClassID":1},"geometry":{"type":"Polygon","coordinates":[[[120.6233,13.996],[120.6237,13.996],[120.6237,13.9959],[120.6238,13.9959],[120.6238,13.9957],[120.6239,13.9957],[120.6239,13.9956],[120.624,13.9956],[120.624,13.9955],[120.6241,13.9955],[120.6241,13.9954],[120.6246,13.9954],[120.6246,13.9955],[120.6248,13.9955],[120.6248,13.9954],[120.6251,13.9954],[120.6251,13.9953],[120.6253,13.9953],[120.6253,13.9952],[120.6254,13.9952],[120.6254,13.995],[120.6255,13.995],[120.6255,13.9946],[120.6256,13.9946],[120.6256,13.9945],[120.6257,13.9945],[120.6257,13.9944],[120.6256,13.9944],[120.6256,13.994],[120.6255,13.994],[120.6255,13.9939],[120.6253,13.9939],[120.6253,13.9938],[120.6251,13.9938],[120.6251,13.9936],[120.625,13.9936],[120.625,13.9933],[120.6251,13.9933],[120.6251,13.9932],[120.6253,13.9932],[120.6253,13.9931],[120.6247,13.9931],[120.6247,13.9936],[120.6246,13.9936],[120.6246,13.9938],[120.6245,13.9938],[120.6245,13.994],[120.6244,13.994],[120.6244,13.9941],[120.6243,13.9941],[120.6243,13.9942],[120.6242,13.9942],[120.6242,13.9943],[120.6241,13.9943],[120.6241,13.9944],[120.6235,13.9944],[120.6235,13.9945],[120.6234,13.9945],[120.6234,13.9947],[120.6233,13.9947],[120.6233,13.9948],[120.6232,13.9948],[120.6232,13.9949],[120.6233,13.9949],[120.6233,13.995],[120.6231,13.995],[120.6231,13.9951],[120.623,13.9951],[120.623,13.9954],[120.6231,13.9954],[120.6231,13.9958],[120.6232,13.9958],[120.6232,13.9959],[120.6233,13.9959],[120.6233,13.996]]]}},
{"type":"Feature","properties":{"ClassID":1},"geometry":{"type":"Polygon","coordinates":[[[120.6257,13.9999],[120.6258,13.9999],[120.6258,13.9997],[120.6257,13.9997],[120.6257,13.9993],[120.6255,13.9993],[120.6255,13.9992],[120.6254,13.9992],[120.6254,13.9994],[120.6255,13.9994],[120.6255,13.9997],[120.6256,13.9997],[120.6256,13.9998],[120.6257,13.9998],[120.6257,13.9999]]]}},
{"type":"Feature","properties":{"ClassID":1},"geometry":{"type":"Polygon","coordinates":[[[120.6187,14.0052],[120.6188,14.0052],[120.6188,14.0051],[120.6189,14.0051],[120.6189,14.005],[120.6195,14.005],[120.6195,14.0049],[120.6196,14.0049],[120.6196,14.0048],[120.6197,14.0048],[120.6197,14.0047],[120.6199,14.0047],[120.6199,14.0046],[120.6201,14.0046],[120.6201,14.0045],[120.6202,14.0045],[120.6202,14.0044],[120.6203,14.0044],[120.6203,14.0043],[120.6202,14.0043],[120.6202,14.0042],[120.6199,14.0042],[120.6199,14.0043],[120.6194,14.0043],[120.6194,14.0044],[120.6193,14.0044],[120.6193,14.0045],[120.6192,14.0045],[120.6192,14.0047],[120.6189,14.0047],[120.6189,14.0048],[120.6186,14.0048],[120.6186,14.0049],[120.6185,14.0049],[120.6185,14.0051],[120.6187,14.0051],[120.6187,14.0052]]]}},
{"type":"Feature","properties":{"ClassID":1},"geometry":{"type":"Polygon","coordinates":[[[120.6244,14.085],[120.6246,14.085],[120.6246,14.0849],[120.6245,14.0849],[120.6245,14.0848],[120.6243,14.0848],[120.6243,14.0849],[120.6244,14.0849],[120.6244,14.085]]]}},
{"type":"Feature","properties":{"ClassID":1},"geometry":{"type":"Polygon","coordinates":[[[120.6223,14.0867],[120.6224,14.0867],[120.6224,14.0864],[120.6223,14.0864],[120.6223,14.0863],[120.6221,14.0863],[120.6221,14.0862],[120.6219,14.0862],[120.6219,14.0864],[120.622,14.0864],[120.622,14.0865],[120.6222,14.0865],[120.6222,14.0866],[120.6223,14.0866],[120.6223,14.0867]]]}},
{"type":"Feature","properties":{"ClassID":1},"geometry":{"type":"Polygon","coordinates":[[[120.6247,14.0848],[120.6251,14.0848],[120.6251,14.0847],[120.6247,14.0847],[120.6247,14.0848]]]}},
{"type":"Feature","properties":{"ClassID":1},"geometry":{"type":"Polygon","coordinates":[[[120.6254,14.0842],[120.6256,14.0842],[120.6256,14.0838],[120.6255,14.0838],[120.6255,14.0839],[120.6252,14.0839],[120.6252,14.0841],[120.6254,14.0841],[120.6254,14.0842]],[[120.6254,14.0841],[120.6254,14.084],[120.6255,14.084],[120.6255,14.0841],[120.6254,14.0841]]]}},
{"type":"Feature","properties":{"ClassID":1},"geometry":{"type":"Polygon","coordinates":[[[120.6263,14.0831],[120.6266,14.0831],[120.6266,14.083],[120.6267,14.083],[120.6267,14.0827],[120.6266,14.0827],[120.6266,14.0825],[120.6265,14.0825],[120.6265,14.0827],[120.6264,14.0827],[120.6264,14.0829],[120.6263,14.0829],[120.6263,14.0831]]]}},
{"type":"Feature","properties":{"ClassID":1},"geometry":{"type":"Polygon","coordinates":[[[120.6259,14.0569],[120.626,14.0569],[120.626,14.0568],[120.6263,14.0568],[120.6263,14.0567],[120.6264,14.0567],[120.6264,14.0566],[120.6263,14.0566],[120.6263,14.0565],[120.626,14.0565],[120.626,14.0564],[120.6258,14.0564],[120.6258,14.0568],[120.6259,14.0568],[120.6259,14.0569]]]}},
{"type":"Feature","properties":{"ClassID":1},"geometry":{"type":"Polygon","coordinates":[[[120.6289,14.0584],[120.6295,14.0584],[120.6295,14.0583],[120.6298,14.0583],[120.6298,14.0582],[120.63,14.0582],[120.63,14.0581],[120.6302,14.0581],[120.6302,14.058],[120.6304,14.058],[120.6304,14.0579],[120.6309,14.0579],[120.6309,14.0576],[120.6308,14.0576],[120.6308,14.0575],[120.6307,14.0575],[120.6307,14.0574],[120.6306,14.0574],[120.6306,14.0573],[120.6305,14.0573],[120.6305,14.057],[120.6304,14.057],[120.6304,14.0569],[120.6305,14.0569],[120.6305,14.0568],[120.6306,14.0568],[120.6306,14.0566],[120.6307,14.0566],[120.6307,14.0565],[120.6304,14.0565],[120.6304,14.0566],[120.6303,14.0566],[120.6303,14.0567],[120.6301,14.0567],[120.6301,14.0568],[120.6299,14.0568],[120.6299,14.0569],[120.6298,14.0569],[120.6298,14.057],[120.6295,14.057],[120.6295,14.0571],[120.6294,14.0571],[120.6294,14.0572],[120.6293,14.0572],[120.6293,14.0574],[120.6292,14.0574],[120.6292,14.0575],[120.6291,14.0575],[120.6291,14.0577],[120.6288,14.0577],[120.6288,14.0578],[120.6287,14.0578],[120.6287,14.0579],[120.6286,14.0579],[120.6286,14.0583],[120.6289,14.0583],[120.6289,14.0584]]]}},
{"type":"Feature","properties":{"ClassID":1},"geometry":{"type":"Polygon","coordinates":[[[120.625,14.0562],[120.6253,14.0562],[120.6253,14.0561],[120.6254,14.0561],[120.6254,14.0562],[120.6257,14.0562],[120.6257,14.0559],[120.6258,14.0559],[120.6258,14.0554],[120.6257,14.0554],[120.6257,14.0557],[120.6256,14.0557],[120.6256,14.0558],[120.6255,14.0558],[120.6255,14.0559],[120.6254,14.0559],[120.6254,14.0558],[120.6253,14.0558],[120.6253,14.0557],[120.625,14.0557],[120.625,14.056],[120.6251,14.056],[120.6251,14.0561],[120.625,14.0561],[120.625,14.0562]],[[120.6251,14.056],[120.6251,14.0559],[120.6252,14.0559],[120.6252,14.056],[120.6251,14.056]]]}},
{"type":"Feature","properties":{"ClassID":1},"geometry":{"type":"Polygon","coordinates":[[[120.6257,14.055],[120.6259,14.055],[120.6259,14.0543],[120.6258,14.0543],[120.6258,14.0539],[120.6257,14.0539],[120.6257,14.0543],[120.6256,14.0543],[120.6256,14.0545],[120.6257,14.0545],[120.6257,14.0547],[120.6255,14.0547],[120.6255,14.0548],[120.6257,14.0548],[120.6257,14.055]]]}},
{"type":"Feature","properties":{"ClassID":1},"geometry":{"type":"Polygon","coordinates":[[[120.6248,14.0557],[120.625,14.0557],[120.625,14.0555],[120.6249,14.0555],[120.6249,14.0553],[120.6248,14.0553],[120.6248,14.0552],[120.625,14.0552],[120.625,14.055],[120.6251,14.055],[120.6251,14.0549],[120.6252,14.0549],[120.6252,14.0548],[120.6254,14.0548],[120.6254,14.0547],[120.6253,14.0547],[120.6253,14.0541],[120.6251,14.0541],[120.6251,14.0542],[120.6247,14.0542],[120.6247,14.0543],[120.6246,14.0543],[120.6246,14.0549],[120.6247,14.0549],[120.6247,14.055],[120.6246,14.055],[120.6246,14.0551],[120.6247,14.0551],[120.6247,14.0555],[120.6248,14.0555],[120.6248,14.0557]]]}},
{"type":"Feature","properties":{"ClassID":1},"geometry":{"type":"Polygon","coordinates":[[[120.6253,14.053],[120.6254,14.053],[120.6254,14.0528],[120.6253,14.0528],[120.6253,14.0527],[120.6251,14.0527],[120.6251,14.0528],[120.6252,14.0528],[120.6252,14.0529],[120.6253,14.0529],[120.6253,14.053]]]}},
{"type":"Feature","properties":{"ClassID":1},"geometry":{"type":"Polygon","coordinates":[[[120.6252,14.0534],[120.6253,14.0534],[120.6253,14.0533],[120.6254,14.0533],[120.6254,14.0532],[120.6253,14.0532],[120.6253,14.053],[120.6252,14.053],[120.6252,14.0534]]]}},
{"type":"Feature","properties":{"ClassID":1},"geometry":{"type":"Polygon","coordinates":[[[120.625,14.0524],[120.6251,14.0524],[120.6251,14.0523],[120.6252,14.0523],[120.6252,14.0521],[120.6251,14.0521],[120.6251,14.0517],[120.625,14.0517],[120.625,14.0515],[120.6249,14.0515],[120.6249,14.0511],[120.625,14.0511],[120.625,14.051],[120.6252,14.051],[120.6252,14.0509],[120.6253,14.0509],[120.6253,14.051],[120.6254,14.051],[120.6254,14.0508],[120.6253,14.0508],[120.6253,14.0506],[120.6252,14.0506],[120.6252,14.0507],[120.6251,14.0507],[120.6251,14.0504],[120.6253,14.0504],[120.6253,14.0501],[120.625,14.0501],[120.625,14.0503],[120.6248,14.0503],[120.6248,14.0505],[120.6247,14.0505],[120.6247,14.0508],[120.6246,14.0508],[120.6246,14.0507],[120.6244,14.0507],[120.6244,14.0506],[120.6242,14.0506],[120.6242,14.0507],[120.6241,14.0507],[120.6241,14.0512],[120.6245,14.0512],[120.6245,14.0517],[120.6244,14.0517],[120.6244,14.0518],[120.6246,14.0518],[120.6246,14.0519],[120.6243,14.0519],[120.6243,14.0518],[120.6242,14.0518],[120.6242,14.052],[120.6243,14.052],[120.6243,14.0521],[120.6244,14.0521],[120.6244,14.0522],[120.6245,14.0522],[120.6245,14.0523],[120.6246,14.0523],[120.6246,14.0522],[120.6247,14.0522],[120.6247,14.0521],[120.6249,14.0521],[120.6249,14.0523],[120.625,14.0523],[120.625,14.0524]],[[120.6245,14.0521],[120.6245,14.052],[120.6247,14.052],[120.6247,14.0521],[120.6245,14.0521]],[[120.6244,14.0511],[120.6244,14.0508],[120.6245,14.0508],[120.6245,14.0511],[120.6244,14.0511]],[[120.6249,14.0505],[120.6249,14.0504],[120.625,14.0504],[120.625,14.0505],[120.6249,14.0505]]]}},
{"type":"Feature","properties":{"ClassID":1},"geometry":{"type":"Polygon","coordinates":[[[120.6239,14.045],[120.6241,14.045],[120.6241,14.0447],[120.624,14.0447],[120.624,14.0446],[120.6239,14.0446],[120.6239,14.0443],[120.6237,14.0443],[120.6237,14.0447],[120.6238,14.0447],[120.6238,14.0449],[120.6239,14.0449],[120.6239,14.045]]]}},
{"type":"Feature","properties":{"ClassID":1},"geometry":{"type":"Polygon","coordinates":[[[120.6247,14.0452],[120.6248,14.0452],[120.6248,14.0451],[120.6249,14.0451],[120.6249,14.0449],[120.6248,14.0449],[120.6248,14.0442],[120.6247,14.0442],[120.6247,14.0439],[120.6246,14.0439],[120.6246,14.0436],[120.6245,14.0436],[120.6245,14.0432],[120.6244,14.0432],[120.6244,14.0429],[120.6243,14.0429],[120.6243,14.0427],[120.6242,14.0427],[120.6242,14.0425],[120.6241,14.0425],[120.6241,14.0422],[120.624,14.0422],[120.624,14.0417],[120.6239,14.0417],[120.6239,14.0414],[120.6238,14.0414],[120.6238,14.0413],[120.6237,14.0413],[120.6237,14.0412],[120.6235,14.0412],[120.6235,14.0413],[120.6234,14.0413],[120.6234,14.0417],[120.6233,14.0417],[120.6233,14.0418],[120.6234,14.0418],[120.6234,14.0424],[120.6235,14.0424],[120.6235,14.0428],[120.6236,14.0428],[120.6236,14.0429],[120.6237,14.0429],[120.6237,14.0433],[120.6238,14.0433],[120.6238,14.0434],[120.624,14.0434],[120.624,14.0435],[120.6239,14.0435],[120.6239,14.0436],[120.624,14.0436],[120.624,14.0438],[120.6239,14.0438],[120.6239,14.0441],[120.6243,14.0441],[120.6243,14.0442],[120.6244,14.0442],[120.6244,14.0444],[120.6245,14.0444],[120.6245,14.0448],[120.6246,14.0448],[120.6246,14.0449],[120.6247,14.0449],[120.6247,14.0452]]]}},
{"type":"Feature","properties":{"ClassID":1},"geometry":{"type":"Polygon","coordinates":[[[120.6264,14.0487],[120.6265,14.0487],[120.6265,14.0486],[120.6267,14.0486],[120.6267,14.0485],[120.6268,14.0485],[120.6268,14.0482],[120.6267,14.0482],[120.6267,14.0483],[120.6266,14.0483],[120.6266,14.0484],[120.6264,14.0484],[120.6264,14.0487]]]}},
{"type":"Feature","properties":{"ClassID":1},"geometry":{"type":"Polygon","coordinates":[[[120.6273,14.0491],[120.6275,14.0491],[120.6275,14.0489],[120.6276,14.0489],[120.6276,14.0484],[120.6275,14.0484],[120.6275,14.0483],[120.6272,14.0483],[120.6272,14.0484],[120.6271,14.0484],[120.6271,14.0486],[120.627,14.0486],[120.627,14.0489],[120.6271,14.0489],[120.6271,14.049],[120.6273,14.049],[120.6273,14.0491]]]}},
{"type":"Feature","properties":{"ClassID":1},"geometry":{"type":"Polygon","coordinates":[[[120.6248,14.0501],[120.625,14.0501],[120.625,14.05],[120.6251,14.05],[120.6251,14.0499],[120.6253,14.0499],[120.6253,14.0501],[120.6254,14.0501],[120.6254,14.0498],[120.6255,14.0498],[120.6255,14.0497],[120.6256,14.0497],[120.6256,14.0496],[120.6255,14.0496],[120.6255,14.0494],[120.6254,14.0494],[120.6254,14.0495],[120.6253,14.0495],[120.6253,14.0493],[120.6255,14.0493],[120.6255,14.0492],[120.6254,14.0492],[120.6254,14.0491],[120.6255,14.0491],[120.6255,14.0489],[120.6256,14.0489],[120.6256,14.0486],[120.6255,14.0486],[120.6255,14.0485],[120.6256,14.0485],[120.6256,14.0484],[120.6255,14.0484],[120.6255,14.0477],[120.6254,14.0477],[120.6254,14.0474],[120.6252,14.0474],[120.6252,14.0473],[120.6253,14.0473],[120.6253,14.0471],[120.6252,14.0471],[120.6252,14.0469],[120.6251,14.0469],[120.6251,14.0465],[120.625,14.0465],[120.625,14.0457],[120.6249,14.0457],[120.6249,14.0452],[120.6248,14.0452],[120.6248,14.0453],[120.6247,14.0453],[120.6247,14.0454],[120.6246,14.0454],[120.6246,14.0453],[120.6244,14.0453],[120.6244,14.0451],[120.6243,14.0451],[120.6243,14.045],[120.6241,14.045],[120.6241,14.0455],[120.624,14.0455],[120.624,14.0456],[120.6239,14.0456],[120.6239,14.0457],[120.6238,14.0457],[120.6238,14.046],[120.6239,14.046],[120.6239,14.0462],[120.624,14.0462],[120.624,14.0467],[120.6241,14.0467],[120.6241,14.047],[120.6242,14.047],[120.6242,14.0474],[120.6243,14.0474],[120.6243,14.0475],[120.6244,14.0475],[120.6244,14.0477],[120.6243,14.0477],[120.6243,14.0478],[120.6244,14.0478],[120.6244,14.0483],[120.6243,14.0483],[120.6243,14.0485],[120.6244,14.0485],[120.6244,14.0489],[120.6245,14.0489],[120.6245,14.0492],[120.6246,14.0492],[120.6246,14.0494],[120.6247,14.0494],[120.6247,14.0496],[120.6248,14.0496],[120.6248,14.0497],[120.6249,14.0497],[120.6249,14.0498],[120.6248,14.0498],[120.6248,14.0501]]]}},
{"type":"Feature","properties":{"ClassID":1},"geometry":{"type":"Polygon","coordinates":[[[120.6257,14.0495],[120.6259,14.0495],[120.6259,14.0493],[120.626,14.0493],[120.626,14.0492],[120.6261,14.0492],[120.6261,14.049],[120.626,14.049],[120.626,14.0491],[120.6259,14.0491],[120.6259,14.0492],[120.6258,14.0492],[120.6258,14.0493],[120.6257,14.0493],[120.6257,14.0495]]]}},
{"type":"Feature","properties":{"ClassID":1},"geometry":{"type":"Polygon","coordinates":[[[120.6723,13.7954],[120.6725,13.7954],[120.6725,13.7952],[120.6726,13.7952],[120.6726,13.7951],[120.6725,13.7951],[120.6725,13.795],[120.6721,13.795],[120.6721,13.7951],[120.6722,13.7951],[120.6722,13.7953],[120.6723,13.7953],[120.6723,13.7954]]]}},
{"type":"Feature","properties":{"ClassID":1},"geometry":{"type":"Polygon","coordinates":[[[120.6327,13.8079],[120.6331,13.8079],[120.6331,13.8078],[120.6334,13.8078],[120.6334,13.8079],[120.6336,13.8079],[120.6336,13.8078],[120.634,13.8078],[120.634,13.8077],[120.6343,13.8077],[120.6343,13.8076],[120.6346,13.8076],[120.6346,13.8075],[120.6345,13.8075],[120.6345,13.8073],[120.6346,13.8073],[120.6346,13.8072],[120.6347,13.8072],[120.6347,13.807],[120.6346,13.807],[120.6346,13.8069],[120.6348,13.8069],[120.6348,13.8067],[120.6349,13.8067],[120.6349,13.8065],[120.635,13.8065],[120.635,13.8066],[120.6351,13.8066],[120.6351,13.8065],[120.6352,13.8065],[120.6352,13.8066],[120.6353,13.8066],[120.6353,13.8064],[120.6356,13.8064],[120.6356,13.8062],[120.6357,13.8062],[120.6357,13.8061],[120.6358,13.8061],[120.6358,13.8062],[120.6359,13.8062],[120.6359,13.8063],[120.636,13.8063],[120.636,13.8064],[120.6362,13.8064],[120.6362,13.8063],[120.6363,13.8063],[120.6363,13.8061],[120.6364,13.8061],[120.6364,13.8057],[120.6366,13.8057],[120.6366,13.8056],[120.6367,13.8056],[120.6367,13.8055],[120.6368,13.8055],[120.6368,13.8054],[120.6367,13.8054],[120.6367,13.8053],[120.6368,13.8053],[120.6368,13.8051],[120.637,13.8051],[120.637,13.8048],[120.6369,13.8048],[120.6369,13.8046],[120.637,13.8046],[120.637,13.8045],[120.6369,13.8045],[120.6369,13.8042],[120.6368,13.8042],[120.6368,13.8045],[120.6366,13.8045],[120.6366,13.8046],[120.6364,13.8046],[120.6364,13.8045],[120.6363,13.8045],[120.6363,13.8046],[120.6362,13.8046],[120.6362,13.8045],[120.636,13.8045],[120.636,13.805],[120.6358,13.805],[120.6358,13.8051],[120.6356,13.8051],[120.6356,13.8052],[120.6355,13.8052],[120.6355,13.8051],[120.6354,13.8051],[120.6354,13.8052],[120.6353,13.8052],[120.6353,13.8053],[120.6349,13.8053],[120.6349,13.8054],[120.6342,13.8054],[120.6342,13.8056],[120.634,13.8056],[120.634,13.8051],[120.6339,13.8051],[120.6339,13.8048],[120.6338,13.8048],[120.6338,13.8044],[120.6337,13.8044],[120.6337,13.8045],[120.6336,13.8045],[120.6336,13.8043],[120.6337,13.8043],[120.6337,13.8041],[120.6333,13.8041],[120.6333,13.8042],[120.6332,13.8042],[120.6332,13.8043],[120.6322,13.8043],[120.6322,13.8044],[120.6319,13.8044],[120.6319,13.8051],[120.632,13.8051],[120.632,13.8052],[120.6319,13.8052],[120.6319,13.8053],[120.6321,13.8053],[120.6321,13.8055],[120.632,13.8055],[120.632,13.8057],[120.6319,13.8057],[120.6319,13.8059],[120.6318,13.8059],[120.6318,13.8063],[120.6317,13.8063],[120.6317,13.8064],[120.6318,13.8064],[120.6318,13.8067],[120.6319,13.8067],[120.6319,13.8069],[120.632,13.8069],[120.632,13.807],[120.6321,13.807],[120.6321,13.8072],[120.6322,13.8072],[120.6322,13.8073],[120.6323,13.8073],[120.6323,13.8074],[120.6325,13.8074],[120.6325,13.8077],[120.6326,13.8077],[120.6326,13.8078],[120.6327,13.8078],[120.6327,13.8079]],[[120.6345,13.8072],[120.6345,13.8071],[120.6346,13.8071],[120.6346,13.8072],[120.6345,13.8072]],[[120.6325,13.8062],[120.6325,13.8061],[120.6326,13.8061],[120.6326,13.8062],[120.6325,13.8062]],[[120.6357,13.806],[120.6357,13.8058],[120.6359,13.8058],[120.6359,13.806],[120.6357,13.806]],[[120.6351,13.8059],[120.6351,13.8058],[120.6352,13.8058],[120.6352,13.8059],[120.6351,13.8059]],[[120.6353,13.8058],[120.6353,13.8057],[120.6354,13.8057],[120.6354,13.8058],[120.6353,13.8058]],[[120.6327,13.8055],[120.6327,13.805],[120.6326,13.805],[120.6326,13.8049],[120.6327,13.8049],[120.6327,13.8048],[120.6328,13.8048],[120.6328,13.805],[120.633,13.805],[120.633,13.8053],[120.6329,13.8053],[120.6329,13.8055],[120.6327,13.8055]],[[120.6332,13.8055],[120.6332,13.8054],[120.6331,13.8054],[120.6331,13.8051],[120.6335,13.8051],[120.6335,13.8052],[120.6337,13.8052],[120.6337,13.8055],[120.6332,13.8055]],[[120.632,13.8051],[120.632,13.805],[120.6321,13.805],[120.6321,13.8051],[120.632,13.8051]],[[120.6363,13.805],[120.6363,13.8049],[120.6364,13.8049],[120.6364,13.805],[120.6363,13.805]],[[120.632,13.8049],[120.632,13.8047],[120.6321,13.8047],[120.6321,13.8048],[120.6322,13.8048],[120.6322,13.8049],[120.632,13.8049]]]}},
{"type":"Feature","properties":{"ClassID":1},"geometry":{"type":"Polygon","coordinates":[[[120.6311,13.8076],[120.6312,13.8076],[120.6312,13.8075],[120.6314,13.8075],[120.6314,13.8071],[120.6313,13.8071],[120.6313,13.8069],[120.631,13.8069],[120.631,13.807],[120.6308,13.807],[120.6308,13.8069],[120.6307,13.8069],[120.6307,13.8068],[120.6306,13.8068],[120.6306,13.8067],[120.6305,13.8067],[120.6305,13.8066],[120.6304,13.8066],[120.6304,13.8065],[120.6303,13.8065],[120.6303,13.8063],[120.6301,13.8063],[120.6301,13.8073],[120.6302,13.8073],[120.6302,13.8074],[120.6303,13.8074],[120.6303,13.8075],[120.6304,13.8075],[120.6304,13.8074],[120.6305,13.8074],[120.6305,13.8073],[120.6309,13.8073],[120.6309,13.8074],[120.631,13.8074],[120.631,13.8075],[120.6311,13.8075],[120.6311,13.8076]]]}},
{"type":"Feature","properties":{"ClassID":1},"geometry":{"type":"Polygon","coordinates":[[[120.6709,13.8037],[120.6712,13.8037],[120.6712,13.8035],[120.6713,13.8035],[120.6713,13.8032],[120.6712,13.8032],[120.6712,13.8031],[120.6713,13.8031],[120.6713,13.8029],[120.6714,13.8029],[120.6714,13.8028],[120.6716,13.8028],[120.6716,13.8027],[120.6717,13.8027],[120.6717,13.8023],[120.6718,13.8023],[120.6718,13.8022],[120.6717,13.8022],[120.6717,13.8019],[120.6719,13.8019],[120.6719,13.8017],[120.672,13.8017],[120.672,13.8015],[120.6722,13.8015],[120.6722,13.8014],[120.6721,13.8014],[120.6721,13.8013],[120.6717,13.8013],[120.6717,13.8012],[120.6716,13.8012],[120.6716,13.8014],[120.6715,13.8014],[120.6715,13.8015],[120.6714,13.8015],[120.6714,13.802],[120.6713,13.802],[120.6713,13.8023],[120.6712,13.8023],[120.6712,13.8027],[120.6711,13.8027],[120.6711,13.803],[120.671,13.803],[120.671,13.8034],[120.6709,13.8034],[120.6709,13.8037]]]}},
{"type":"Feature","properties":{"ClassID":1},"geometry":{"type":"Polygon","coordinates":[[[120.6659,13.8097],[120.6663,13.8097],[120.6663,13.8096],[120.6664,13.8096],[120.6664,13.8094],[120.6665,13.8094],[120.6665,13.8092],[120.6666,13.8092],[120.6666,13.8091],[120.6667,13.8091],[120.6667,13.809],[120.6668,13.809],[120.6668,13.8087],[120.667,13.8087],[120.667,13.8086],[120.6674,13.8086],[120.6674,13.8084],[120.6675,13.8084],[120.6675,13.8079],[120.6676,13.8079],[120.6676,13.8078],[120.6677,13.8078],[120.6677,13.8077],[120.6678,13.8077],[120.6678,13.8076],[120.668,13.8076],[120.668,13.8075],[120.6682,13.8075],[120.6682,13.8074],[120.6684,13.8074],[120.6684,13.8072],[120.6685,13.8072],[120.6685,13.8071],[120.6686,13.8071],[120.6686,13.807],[120.6687,13.807],[120.6687,13.8069],[120.6688,13.8069],[120.6688,13.8068],[120.6689,13.8068],[120.6689,13.8067],[120.669,13.8067],[120.669,13.8064],[120.6692,13.8064],[120.6692,13.8063],[120.6691,13.8063],[120.6691,13.8062],[120.6692,13.8062],[120.6692,13.8061],[120.6693,13.8061],[120.6693,13.8058],[120.6692,13.8058],[120.6692,13.8057],[120.669,13.8057],[120.669,13.8058],[120.6689,13.8058],[120.6689,13.8057],[120.6686,13.8057],[120.6686,13.8056],[120.6685,13.8056],[120.6685,13.8055],[120.6684,13.8055],[120.6684,13.8049],[120.6673,13.8049],[120.6673,13.805],[120.6672,13.805],[120.6672,13.8051],[120.6671,13.8051],[120.6671,13.8052],[120.667,13.8052],[120.667,13.8053],[120.6669,13.8053],[120.6669,13.8054],[120.6667,13.8054],[120.6667,13.8055],[120.6666,13.8055],[120.6666,13.8056],[120.6664,13.8056],[120.6664,13.8057],[120.6662,13.8057],[120.6662,13.8058],[120.6661,13.8058],[120.6661,13.8059],[120.666,13.8059],[120.666,13.806],[120.6658,13.806],[120.6658,13.8061],[120.6657,13.8061],[120.6657,13.8063],[120.6656,13.8063],[120.6656,13.8065],[120.6655,13.8065],[120.6655,13.8067],[120.6654,13.8067],[120.6654,13.8069],[120.6653,13.8069],[120.6653,13.807],[120.6652,13.807],[120.6652,13.8072],[120.6651,13.8072],[120.6651,13.8073],[120.665,13.8073],[120.665,13.8074],[120.6647,13.8074],[120.6647,13.8075],[120.6646,13.8075],[120.6646,13.8076],[120.6645,13.8076],[120.6645,13.8079],[120.6644,13.8079],[120.6644,13.808],[120.6643,13.808],[120.6643,13.8081],[120.6642,13.8081],[120.6642,13.8084],[120.6644,13.8084],[120.6644,13.8085],[120.6645,13.8085],[120.6645,13.8084],[120.6647,13.8084],[120.6647,13.8082],[120.6648,13.8082],[120.6648,13.8081],[120.6649,13.8081],[120.6649,13.8082],[120.6652,13.8082],[120.6652,13.8084],[120.665,13.8084],[120.665,13.8086],[120.6651,13.8086],[120.6651,13.8088],[120.6652,13.8088],[120.6652,13.8089],[120.6653,13.8089],[120.6653,13.8091],[120.6655,13.8091],[120.6655,13.8093],[120.6656,13.8093],[120.6656,13.8094],[120.6657,13.8094],[120.6657,13.8095],[120.6658,13.8095],[120.6658,13.8096],[120.6659,13.8096],[120.6659,13.8097]]]}},
{"type":"Feature","properties":{"ClassID":1},"geometry":{"type":"Polygon","coordinates":[[[120.7079,13.8794],[120.7081,13.8794],[120.7081,13.8792],[120.708,13.8792],[120.708,13.8793],[120.7079,13.8793],[120.7079,13.8794]]]}},
{"type":"Feature","properties":{"ClassID":1},"geometry":{"type":"Polygon","coordinates":[[[120.7081,13.8792],[120.7083,13.8792],[120.7083,13.8789],[120.7082,13.8789],[120.7082,13.8791],[120.7081,13.8791],[120.7081,13.8792]]]}},
{"type":"Feature","properties":{"ClassID":1},"geometry":{"type":"Polygon","coordinates":[[[120.709,13.8782],[120.7092,13.8782],[120.7092,13.8781],[120.7096,13.8781],[120.7096,13.878],[120.7097,13.878],[120.7097,13.8779],[120.7099,13.8779],[120.7099,13.8778],[120.7101,13.8778],[120.7101,13.8777],[120.7103,13.8777],[120.7103,13.8776],[120.7104,13.8776],[120.7104,13.8775],[120.7105,13.8775],[120.7105,13.8774],[120.7107,13.8774],[120.7107,13.8773],[120.7108,13.8773],[120.7108,13.8772],[120.7109,13.8772],[120.7109,13.8771],[120.711,13.8771],[120.711,13.8769],[120.7112,13.8769],[120.7112,13.8768],[120.7113,13.8768],[120.7113,13.8767],[120.7115,13.8767],[120.7115,13.8766],[120.7116,13.8766],[120.7116,13.8765],[120.7117,13.8765],[120.7117,13.8761],[120.7118,13.8761],[120.7118,13.8757],[120.7119,13.8757],[120.7119,13.8756],[120.712,13.8756],[120.712,13.8755],[120.7121,13.8755],[120.7121,13.8754],[120.7122,13.8754],[120.7122,13.8753],[120.7124,13.8753],[120.7124,13.8752],[120.7126,13.8752],[120.7126,13.875],[120.7127,13.875],[120.7127,13.8749],[120.7129,13.8749],[120.7129,13.8747],[120.713,13.8747],[120.713,13.8735],[120.7131,13.8735],[120.7131,13.8734],[120.7132,13.8734],[120.7132,13.8733],[120.7134,13.8733],[120.7134,13.8732],[120.7135,13.8732],[120.7135,13.8728],[120.7136,13.8728],[120.7136,13.8727],[120.7137,13.8727],[120.7137,13.8726],[120.7138,13.8726],[120.7138,13.8725],[120.7139,13.8725],[120.7139,13.8724],[120.714,13.8724],[120.714,13.8722],[120.7141,13.8722],[120.7141,13.8718],[120.7142,13.8718],[120.7142,13.8716],[120.7143,13.8716],[120.7143,13.8715],[120.7144,13.8715],[120.7144,13.8713],[120.7145,13.8713],[120.7145,13.8711],[120.7146,13.8711],[120.7146,13.871],[120.7147,13.871],[120.7147,13.8708],[120.7148,13.8708],[120.7148,13.8706],[120.7149,13.8706],[120.7149,13.8705],[120.7148,13.8705],[120.7148,13.8704],[120.7147,13.8704],[120.7147,13.8701],[120.7148,13.8701],[120.7148,13.87],[120.7149,13.87],[120.7149,13.8699],[120.715,13.8699],[120.715,13.8698],[120.7151,13.8698],[120.7151,13.8697],[120.7152,13.8697],[120.7152,13.8696],[120.7156,13.8696],[120.7156,13.8695],[120.7158,13.8695],[120.7158,13.8693],[120.7157,13.8693],[120.7157,13.8692],[120.7156,13.8692],[120.7156,13.869],[120.7157,13.869],[120.7157,13.8685],[120.7156,13.8685],[120.7156,13.8679],[120.716,13.8679],[120.716,13.868],[120.7163,13.868],[120.7163,13.8679],[120.7166,13.8679],[120.7166,13.8678],[120.7167,13.8678],[120.7167,13.8677],[120.7168,13.8677],[120.7168,13.8676],[120.7169,13.8676],[120.7169,13.8675],[120.717,13.8675],[120.717,13.8674],[120.7172,13.8674],[120.7172,13.8672],[120.7173,13.8672],[120.7173,13.8671],[120.7174,13.8671],[120.7174,13.8669],[120.7176,13.8669],[120.7176,13.8667],[120.7177,13.8667],[120.7177,13.8665],[120.7178,13.8665],[120.7178,13.8664],[120.7179,13.8664],[120.7179,13.8661],[120.718,13.8661],[120.718,13.866],[120.7181,13.866],[120.7181,13.8659],[120.718,13.8659],[120.718,13.8656],[120.7181,13.8656],[120.7181,13.8655],[120.7182,13.8655],[120.7182,13.8654],[120.7183,13.8654],[120.7183,13.8653],[120.7184,13.8653],[120.7184,13.8652],[120.7186,13.8652],[120.7186,13.8651],[120.7187,13.8651],[120.7187,13.865],[120.7188,13.865],[120.7188,13.8649],[120.7189,13.8649],[120.7189,13.8648],[120.719,13.8648],[120.719,13.8645],[120.7191,13.8645],[120.7191,13.8642],[120.7192,13.8642],[120.7192,13.864],[120.7193,13.864],[120.7193,13.8638],[120.7194,13.8638],[120.7194,13.8633],[120.7195,13.8633],[120.7195,13.8631],[120.7196,13.8631],[120.7196,13.8627],[120.7195,13.8627],[120.7195,13.863],[120.7194,13.863],[120.7194,13.8631],[120.7193,13.8631],[120.7193,13.8632],[120.7192,13.8632],[120.7192,13.8634],[120.7191,13.8634],[120.7191,13.8635],[120.719,13.8635],[120.719,13.8638],[120.7189,13.8638],[120.7189,13.8641],[120.7188,13.8641],[120.7188,13.8646],[120.7186,13.8646],[120.7186,13.8647],[120.718,13.8647],[120.718,13.8646],[120.7178,13.8646],[120.7178,13.8647],[120.7177,13.8647],[120.7177,13.8649],[120.7176,13.8649],[120.7176,13.8651],[120.7173,13.8651],[120.7173,13.8653],[120.7172,13.8653],[120.7172,13.8655],[120.7171,13.8655],[120.7171,13.8656],[120.717,13.8656],[120.717,13.8657],[120.7168,13.8657],[120.7168,13.8658],[120.7167,13.8658],[120.7167,13.8659],[120.7168,13.8659],[120.7168,13.866],[120.7165,13.866],[120.7165,13.8662],[120.7164,13.8662],[120.7164,13.8663],[120.7163,13.8663],[120.7163,13.8664],[120.7162,13.8664],[120.7162,13.8665],[120.7161,13.8665],[120.7161,13.8667],[120.716,13.8667],[120.716,13.8672],[120.7159,13.8672],[120.7159,13.8673],[120.7157,13.8673],[120.7157,13.8674],[120.7154,13.8674],[120.7154,13.8675],[120.7153,13.8675],[120.7153,13.8679],[120.7154,13.8679],[120.7154,13.8681],[120.7153,13.8681],[120.7153,13.8682],[120.715,13.8682],[120.715,13.8683],[120.7151,13.8683],[120.7151,13.8684],[120.7149,13.8684],[120.7149,13.8686],[120.7148,13.8686],[120.7148,13.8694],[120.7147,13.8694],[120.7147,13.8695],[120.7145,13.8695],[120.7145,13.8696],[120.7144,13.8696],[120.7144,13.8697],[120.7142,13.8697],[120.7142,13.8698],[120.7141,13.8698],[120.7141,13.87],[120.714,13.87],[120.714,13.8705],[120.7139,13.8705],[120.7139,13.8707],[120.7138,13.8707],[120.7138,13.8708],[120.7137,13.8708],[120.7137,13.871],[120.7136,13.871],[120.7136,13.8711],[120.7135,13.8711],[120.7135,13.8712],[120.7134,13.8712],[120.7134,13.8718],[120.7133,13.8718],[120.7133,13.872],[120.7132,13.872],[120.7132,13.8721],[120.7129,13.8721],[120.7129,13.8722],[120.7128,13.8722],[120.7128,13.8726],[120.7127,13.8726],[120.7127,13.8727],[120.7128,13.8727],[120.7128,13.8728],[120.7127,13.8728],[120.7127,13.873],[120.7126,13.873],[120.7126,13.8729],[120.7124,13.8729],[120.7124,13.873],[120.7122,13.873],[120.7122,13.8733],[120.7121,13.8733],[120.7121,13.8735],[120.712,13.8735],[120.712,13.8736],[120.7118,13.8736],[120.7118,13.8737],[120.7117,13.8737],[120.7117,13.8738],[120.7116,13.8738],[120.7116,13.8739],[120.7115,13.8739],[120.7115,13.874],[120.7114,13.874],[120.7114,13.8741],[120.7113,13.8741],[120.7113,13.8742],[120.7112,13.8742],[120.7112,13.8743],[120.7111,13.8743],[120.7111,13.8744],[120.7109,13.8744],[120.7109,13.8743],[120.7108,13.8743],[120.7108,13.874],[120.7107,13.874],[120.7107,13.8739],[120.7103,13.8739],[120.7103,13.874],[120.7102,13.874],[120.7102,13.8741],[120.7101,13.8741],[120.7101,13.8743],[120.71,13.8743],[120.71,13.8744],[120.7099,13.8744],[120.7099,13.8751],[120.7098,13.8751],[120.7098,13.8752],[120.7097,13.8752],[120.7097,13.8755],[120.7094,13.8755],[120.7094,13.8756],[120.7095,13.8756],[120.7095,13.8757],[120.7094,13.8757],[120.7094,13.876],[120.7095,13.876],[120.7095,13.8762],[120.7096,13.8762],[120.7096,13.8761],[120.7097,13.8761],[120.7097,13.876],[120.7098,13.876],[120.7098,13.8759],[120.7099,13.8759],[120.7099,13.876],[120.71,13.876],[120.71,13.8759],[120.7101,13.8759],[120.7101,13.8757],[120.7102,13.8757],[120.7102,13.8758],[120.7103,13.8758],[120.7103,13.876],[120.7104,13.876],[120.7104,13.8761],[120.7103,13.8761],[120.7103,13.8762],[120.7101,13.8762],[120.7101,13.8764],[120.7099,13.8764],[120.7099,13.8765],[120.7096,13.8765],[120.7096,13.8766],[120.7094,13.8766],[120.7094,13.8767],[120.7093,13.8767],[120.7093,13.8768],[120.7092,13.8768],[120.7092,13.8773],[120.7093,13.8773],[120.7093,13.8774],[120.7092,13.8774],[120.7092,13.8776],[120.7091,13.8776],[120.7091,13.878],[120.709,13.878],[120.709,13.8782]]]}},
{"type":"Feature","properties":{"ClassID":1},"geometry":{"type":"Polygon","coordinates":[[[120.6149,13.8738],[120.6155,13.8738],[120.6155,13.8737],[120.6157,13.8737],[120.6157,13.8735],[120.6158,13.8735],[120.6158,13.8734],[120.6159,13.8734],[120.6159,13.8728],[120.6158,13.8728],[120.6158,13.8727],[120.6157,13.8727],[120.6157,13.8724],[120.6156,13.8724],[120.6156,13.8722],[120.6157,13.8722],[120.6157,13.8718],[120.6158,13.8718],[120.6158,13.8716],[120.6157,13.8716],[120.6157,13.8715],[120.6156,13.8715],[120.6156,13.8712],[120.6154,13.8712],[120.6154,13.8711],[120.6152,13.8711],[120.6152,13.8712],[120.6148,13.8712],[120.6148,13.8714],[120.6146,13.8714],[120.6146,13.8715],[120.6147,13.8715],[120.6147,13.8716],[120.6148,13.8716],[120.6148,13.8717],[120.6149,13.8717],[120.6149,13.8719],[120.6148,13.8719],[120.6148,13.872],[120.6144,13.872],[120.6144,13.8719],[120.6143,13.8719],[120.6143,13.872],[120.6142,13.872],[120.6142,13.8725],[120.6141,13.8725],[120.6141,13.8726],[120.6142,13.8726],[120.6142,13.8727],[120.6143,13.8727],[120.6143,13.873],[120.6142,13.873],[120.6142,13.8733],[120.6141,13.8733],[120.6141,13.8734],[120.6142,13.8734],[120.6142,13.8735],[120.6143,13.8735],[120.6143,13.8734],[120.6145,13.8734],[120.6145,13.8733],[120.6146,13.8733],[120.6146,13.8734],[120.6147,13.8734],[120.6147,13.8736],[120.6149,13.8736],[120.6149,13.8738]]]}},
{"type":"Feature","properties":{"ClassID":1},"geometry":{"type":"Polygon","coordinates":[[[120.6179,13.8797],[120.6188,13.8797],[120.6188,13.8795],[120.6187,13.8795],[120.6187,13.8794],[120.6186,13.8794],[120.6186,13.8791],[120.6185,13.8791],[120.6185,13.8787],[120.6189,13.8787],[120.6189,13.8786],[120.619,13.8786],[120.619,13.8785],[120.6191,13.8785],[120.6191,13.8783],[120.6192,13.8783],[120.6192,13.878],[120.6194,13.878],[120.6194,13.8781],[120.6193,13.8781],[120.6193,13.8783],[120.6194,13.8783],[120.6194,13.8787],[120.6198,13.8787],[120.6198,13.8788],[120.6201,13.8788],[120.6201,13.8787],[120.6203,13.8787],[120.6203,13.8786],[120.6204,13.8786],[120.6204,13.8783],[120.6205,13.8783],[120.6205,13.8782],[120.6206,13.8782],[120.6206,13.8779],[120.6205,13.8779],[120.6205,13.8776],[120.6204,13.8776],[120.6204,13.8774],[120.6203,13.8774],[120.6203,13.8773],[120.6202,13.8773],[120.6202,13.8771],[120.6201,13.8771],[120.6201,13.877],[120.62,13.877],[120.62,13.8768],[120.6199,13.8768],[120.6199,13.8766],[120.6198,13.8766],[120.6198,13.8761],[120.6197,13.8761],[120.6197,13.876],[120.6196,13.876],[120.6196,13.8763],[120.6195,13.8763],[120.6195,13.8767],[120.6196,13.8767],[120.6196,13.8769],[120.6197,13.8769],[120.6197,13.877],[120.6194,13.877],[120.6194,13.8771],[120.6193,13.8771],[120.6193,13.8772],[120.619,13.8772],[120.619,13.8773],[120.6191,13.8773],[120.6191,13.8776],[120.619,13.8776],[120.619,13.8777],[120.6189,13.8777],[120.6189,13.8778],[120.6188,13.8778],[120.6188,13.8776],[120.6187,13.8776],[120.6187,13.8775],[120.6185,13.8775],[120.6185,13.8776],[120.6184,13.8776],[120.6184,13.8777],[120.6183,13.8777],[120.6183,13.8778],[120.6182,13.8778],[120.6182,13.8777],[120.6181,13.8777],[120.6181,13.8778],[120.618,13.8778],[120.618,13.8784],[120.6181,13.8784],[120.6181,13.8786],[120.6182,13.8786],[120.6182,13.8787],[120.618,13.8787],[120.618,13.8796],[120.6179,13.8796],[120.6179,13.8797]],[[120.6183,13.8789],[120.6183,13.8788],[120.6184,13.8788],[120.6184,13.8789],[120.6183,13.8789]],[[120.6182,13.8786],[120.6182,13.8785],[120.6183,13.8785],[120.6183,13.8786],[120.6182,13.8786]],[[120.6181,13.8784],[120.6181,13.8783],[120.6182,13.8783],[120.6182,13.8782],[120.6181,13.8782],[120.6181,13.8781],[120.6183,13.8781],[120.6183,13.8784],[120.6181,13.8784]],[[120.6191,13.878],[120.6191,13.8778],[120.6193,13.8778],[120.6193,13.8779],[120.6192,13.8779],[120.6192,13.878],[120.6191,13.878]],[[120.6191,13.8777],[120.6191,13.8776],[120.6192,13.8776],[120.6192,13.8777],[120.6191,13.8777]]]}},
{"type":"Feature","properties":{"ClassID":1},"geometry":{"type":"Polygon","coordinates":[[[120.6131,13.8726],[120.6132,13.8726],[120.6132,13.8725],[120.6134,13.8725],[120.6134,13.8724],[120.6133,13.8724],[120.6133,13.8723],[120.6131,13.8723],[120.6131,13.8726]]]}},
{"type":"Feature","properties":{"ClassID":1},"geometry":{"type":"Polygon","coordinates":[[[120.6134,13.8712],[120.6135,13.8712],[120.6135,13.8711],[120.6136,13.8711],[120.6136,13.871],[120.6137,13.871],[120.6137,13.8711],[120.6138,13.8711],[120.6138,13.871],[120.6141,13.871],[120.6141,13.8708],[120.6139,13.8708],[120.6139,13.8707],[120.6138,13.8707],[120.6138,13.8706],[120.6137,13.8706],[120.6137,13.8702],[120.6136,13.8702],[120.6136,13.87],[120.6135,13.87],[120.6135,13.8698],[120.6137,13.8698],[120.6137,13.8693],[120.6138,13.8693],[120.6138,13.8692],[120.6133,13.8692],[120.6133,13.8693],[120.6132,13.8693],[120.6132,13.8695],[120.6134,13.8695],[120.6134,13.8698],[120.6132,13.8698],[120.6132,13.8697],[120.6128,13.8697],[120.6128,13.8698],[120.6126,13.8698],[120.6126,13.8697],[120.6123,13.8697],[120.6123,13.8698],[120.6121,13.8698],[120.6121,13.8696],[120.612,13.8696],[120.612,13.8695],[120.6119,13.8695],[120.6119,13.8694],[120.6118,13.8694],[120.6118,13.8692],[120.6116,13.8692],[120.6116,13.8695],[120.6117,13.8695],[120.6117,13.8696],[120.6118,13.8696],[120.6118,13.8697],[120.6119,13.8697],[120.6119,13.8699],[120.6121,13.8699],[120.6121,13.87],[120.6122,13.87],[120.6122,13.8701],[120.6124,13.8701],[120.6124,13.8702],[120.6125,13.8702],[120.6125,13.8705],[120.6124,13.8705],[120.6124,13.8706],[120.6123,13.8706],[120.6123,13.8707],[120.6124,13.8707],[120.6124,13.8708],[120.6126,13.8708],[120.6126,13.871],[120.6131,13.871],[120.6131,13.8711],[120.6134,13.8711],[120.6134,13.8712]],[[120.6125,13.8699],[120.6125,13.8698],[120.6126,13.8698],[120.6126,13.8699],[120.6125,13.8699]]]}},
{"type":"Feature","properties":{"ClassID":1},"geometry":{"type":"Polygon","coordinates":[[[120.6114,13.87],[120.6116,13.87],[120.6116,13.8699],[120.6118,13.8699],[120.6118,13.8698],[120.6114,13.8698],[120.6114,13.87]]]}},
{"type":"Feature","properties":{"ClassID":1},"geometry":{"type":"Polygon","coordinates":[[[120.6111,13.8711],[120.6112,13.8711],[120.6112,13.8709],[120.6114,13.8709],[120.6114,13.8708],[120.6111,13.8708],[120.6111,13.8711]]]}},
{"type":"Feature","properties":{"ClassID":1},"geometry":{"type":"Polygon","coordinates":[[[120.6134,13.8716],[120.6135,13.8716],[120.6135,13.8715],[120.6136,13.8715],[120.6136,13.8713],[120.6134,13.8713],[120.6134,13.8716]]]}},
{"type":"Feature","properties":{"ClassID":1},"geometry":{"type":"Polygon","coordinates":[[[120.618,13.8667],[120.6183,13.8667],[120.6183,13.8666],[120.6188,13.8666],[120.6188,13.8665],[120.619,13.8665],[120.619,13.8664],[120.6191,13.8664],[120.6191,13.8663],[120.6192,13.8663],[120.6192,13.8662],[120.6194,13.8662],[120.6194,13.8661],[120.6195,13.8661],[120.6195,13.8659],[120.6194,13.8659],[120.6194,13.866],[120.6192,13.866],[120.6192,13.8661],[120.619,13.8661],[120.619,13.8663],[120.6186,13.8663],[120.6186,13.8664],[120.6183,13.8664],[120.6183,13.8665],[120.618,13.8665],[120.618,13.8664],[120.6177,13.8664],[120.6177,13.8665],[120.6179,13.8665],[120.6179,13.8666],[120.618,13.8666],[120.618,13.8667]]]}},
{"type":"Feature","properties":{"ClassID":1},"geometry":{"type":"Polygon","coordinates":[[[120.6197,13.8658],[120.62,13.8658],[120.62,13.8657],[120.6203,13.8657],[120.6203,13.8656],[120.6204,13.8656],[120.6204,13.8654],[120.6206,13.8654],[120.6206,13.8653],[120.6205,13.8653],[120.6205,13.8652],[120.6203,13.8652],[120.6203,13.8654],[120.6202,13.8654],[120.6202,13.8655],[120.6199,13.8655],[120.6199,13.8656],[120.6198,13.8656],[120.6198,13.8657],[120.6197,13.8657],[120.6197,13.8658]]]}},
{"type":"Feature","properties":{"ClassID":1},"geometry":{"type":"Polygon","coordinates":[[[120.6206,13.8652],[120.6207,13.8652],[120.6207,13.865],[120.6208,13.865],[120.6208,13.8648],[120.6209,13.8648],[120.6209,13.8644],[120.621,13.8644],[120.621,13.8641],[120.6211,13.8641],[120.6211,13.864],[120.6212,13.864],[120.6212,13.8639],[120.6213,13.8639],[120.6213,13.8638],[120.6214,13.8638],[120.6214,13.8631],[120.6215,13.8631],[120.6215,13.863],[120.6216,13.863],[120.6216,13.8629],[120.6217,13.8629],[120.6217,13.8628],[120.6215,13.8628],[120.6215,13.8629],[120.6213,13.8629],[120.6213,13.8631],[120.6212,13.8631],[120.6212,13.8636],[120.6211,13.8636],[120.6211,13.8637],[120.621,13.8637],[120.621,13.8638],[120.6209,13.8638],[120.6209,13.8639],[120.6208,13.8639],[120.6208,13.864],[120.6206,13.864],[120.6206,13.8642],[120.6205,13.8642],[120.6205,13.8644],[120.6204,13.8644],[120.6204,13.8645],[120.6205,13.8645],[120.6205,13.8647],[120.6206,13.8647],[120.6206,13.8652]]]}},
{"type":"Feature","properties":{"ClassID":1},"geometry":{"type":"Polygon","coordinates":[[[120.6225,13.8575],[120.6227,13.8575],[120.6227,13.8573],[120.6228,13.8573],[120.6228,13.8572],[120.6232,13.8572],[120.6232,13.857],[120.6233,13.857],[120.6233,13.8569],[120.6234,13.8569],[120.6234,13.8564],[120.6232,13.8564],[120.6232,13.8566],[120.623,13.8566],[120.623,13.8567],[120.6228,13.8567],[120.6228,13.8568],[120.6227,13.8568],[120.6227,13.8569],[120.6226,13.8569],[120.6226,13.8571],[120.6225,13.8571],[120.6225,13.8575]]]}},
{"type":"Feature","properties":{"ClassID":1},"geometry":{"type":"Polygon","coordinates":[[[120.6228,13.8588],[120.6229,13.8588],[120.6229,13.8585],[120.6228,13.8585],[120.6228,13.8583],[120.6227,13.8583],[120.6227,13.8578],[120.6226,13.8578],[120.6226,13.8577],[120.6225,13.8577],[120.6225,13.8582],[120.6226,13.8582],[120.6226,13.8584],[120.6227,13.8584],[120.6227,13.8587],[120.6228,13.8587],[120.6228,13.8588]]]}},
{"type":"Feature","properties":{"ClassID":1},"geometry":{"type":"Polygon","coordinates":[[[120.6526,13.8597],[120.6527,13.8597],[120.6527,13.8594],[120.6529,13.8594],[120.6529,13.8592],[120.653,13.8592],[120.653,13.8591],[120.6532,13.8591],[120.6532,13.8592],[120.6533,13.8592],[120.6533,13.8596],[120.6534,13.8596],[120.6534,13.8597],[120.6536,13.8597],[120.6536,13.8596],[120.6539,13.8596],[120.6539,13.8595],[120.654,13.8595],[120.654,13.8594],[120.6541,13.8594],[120.6541,13.8597],[120.6544,13.8597],[120.6544,13.8596],[120.6543,13.8596],[120.6543,13.8595],[120.6544,13.8595],[120.6544,13.8592],[120.6549,13.8592],[120.6549,13.859],[120.6552,13.859],[120.6552,13.8589],[120.6555,13.8589],[120.6555,13.859],[120.6556,13.859],[120.6556,13.8589],[120.656,13.8589],[120.656,13.8587],[120.6561,13.8587],[120.6561,13.8586],[120.6563,13.8586],[120.6563,13.8585],[120.6564,13.8585],[120.6564,13.8584],[120.6566,13.8584],[120.6566,13.8582],[120.657,13.8582],[120.657,13.8581],[120.6572,13.8581],[120.6572,13.8579],[120.6575,13.8579],[120.6575,13.8578],[120.6576,13.8578],[120.6576,13.8577],[120.6577,13.8577],[120.6577,13.8576],[120.6581,13.8576],[120.6581,13.8577],[120.6582,13.8577],[120.6582,13.8578],[120.6583,13.8578],[120.6583,13.8579],[120.6584,13.8579],[120.6584,13.858],[120.6585,13.858],[120.6585,13.8581],[120.6586,13.8581],[120.6586,13.8583],[120.6588,13.8583],[120.6588,13.8584],[120.6589,13.8584],[120.6589,13.8585],[120.659,13.8585],[120.659,13.8586],[120.6591,13.8586],[120.6591,13.8587],[120.6593,13.8587],[120.6593,13.8576],[120.6592,13.8576],[120.6592,13.8575],[120.6591,13.8575],[120.6591,13.8574],[120.659,13.8574],[120.659,13.8571],[120.6591,13.8571],[120.6591,13.857],[120.6588,13.857],[120.6588,13.8571],[120.6585,13.8571],[120.6585,13.857],[120.6584,13.857],[120.6584,13.8569],[120.6581,13.8569],[120.6581,13.8567],[120.658,13.8567],[120.658,13.8566],[120.6579,13.8566],[120.6579,13.8567],[120.6578,13.8567],[120.6578,13.8569],[120.6576,13.8569],[120.6576,13.857],[120.6575,13.857],[120.6575,13.8571],[120.6574,13.8571],[120.6574,13.8572],[120.6568,13.8572],[120.6568,13.8574],[120.6567,13.8574],[120.6567,13.8575],[120.6566,13.8575],[120.6566,13.8577],[120.6565,13.8577],[120.6565,13.8579],[120.6564,13.8579],[120.6564,13.8581],[120.6559,13.8581],[120.6559,13.8582],[120.6557,13.8582],[120.6557,13.8583],[120.6554,13.8583],[120.6554,13.8584],[120.6552,13.8584],[120.6552,13.8583],[120.655,13.8583],[120.655,13.8582],[120.6549,13.8582],[120.6549,13.8581],[120.6548,13.8581],[120.6548,13.858],[120.6539,13.858],[120.6539,13.8581],[120.6538,13.8581],[120.6538,13.8583],[120.6536,13.8583],[120.6536,13.8584],[120.6535,13.8584],[120.6535,13.8585],[120.6534,13.8585],[120.6534,13.8586],[120.6532,13.8586],[120.6532,13.8587],[120.653,13.8587],[120.653,13.8588],[120.6529,13.8588],[120.6529,13.859],[120.6528,13.859],[120.6528,13.8592],[120.6526,13.8592],[120.6526,13.8594],[120.6525,13.8594],[120.6525,13.8596],[120.6526,13.8596],[120.6526,13.8597]]]}},
{"type":"Feature","properties":{"ClassID":1},"geometry":{"type":"Polygon","coordinates":[[[120.6523,13.8602],[120.6524,13.8602],[120.6524,13.8599],[120.6525,13.8599],[120.6525,13.8596],[120.6524,13.8596],[120.6524,13.8598],[120.6523,13.8598],[120.6523,13.8599],[120.6522,13.8599],[120.6522,13.8601],[120.6523,13.8601],[120.6523,13.8602]]]}},
{"type":"Feature","properties":{"ClassID":1},"geometry":{"type":"Polygon","coordinates":[[[120.6538,13.8599],[120.6539,13.8599],[120.6539,13.8598],[120.6541,13.8598],[120.6541,13.8597],[120.6538,13.8597],[120.6538,13.8599]]]}},
{"type":"Feature","properties":{"ClassID":1},"geometry":{"type":"Polygon","coordinates":[[[120.665,13.86],[120.6651,13.86],[120.6651,13.8599],[120.6653,13.8599],[120.6653,13.8598],[120.6654,13.8598],[120.6654,13.8599],[120.6655,13.8599],[120.6655,13.8598],[120.6656,13.8598],[120.6656,13.8597],[120.6657,13.8597],[120.6657,13.8596],[120.6659,13.8596],[120.6659,13.8595],[120.666,13.8595],[120.666,13.8593],[120.6661,13.8593],[120.6661,13.8588],[120.6662,13.8588],[120.6662,13.8587],[120.6663,13.8587],[120.6663,13.8586],[120.6666,13.8586],[120.6666,13.8585],[120.6673,13.8585],[120.6673,13.8584],[120.6675,13.8584],[120.6675,13.8583],[120.668,13.8583],[120.668,13.8582],[120.6682,13.8582],[120.6682,13.8581],[120.6687,13.8581],[120.6687,13.858],[120.6688,13.858],[120.6688,13.8579],[120.6689,13.8579],[120.6689,13.8577],[120.6687,13.8577],[120.6687,13.8576],[120.6686,13.8576],[120.6686,13.8574],[120.6685,13.8574],[120.6685,13.8573],[120.6684,13.8573],[120.6684,13.8572],[120.6683,13.8572],[120.6683,13.857],[120.6682,13.857],[120.6682,13.8567],[120.6684,13.8567],[120.6684,13.8566],[120.6686,13.8566],[120.6686,13.8565],[120.6689,13.8565],[120.6689,13.8563],[120.6686,13.8563],[120.6686,13.8564],[120.6684,13.8564],[120.6684,13.8565],[120.6681,13.8565],[120.6681,13.8566],[120.6672,13.8566],[120.6672,13.8567],[120.667,13.8567],[120.667,13.8568],[120.6671,13.8568],[120.6671,13.857],[120.6676,13.857],[120.6676,13.8569],[120.6681,13.8569],[120.6681,13.857],[120.668,13.857],[120.668,13.8571],[120.6681,13.8571],[120.6681,13.8573],[120.6682,13.8573],[120.6682,13.8574],[120.6677,13.8574],[120.6677,13.8573],[120.6675,13.8573],[120.6675,13.8574],[120.6672,13.8574],[120.6672,13.8573],[120.6668,13.8573],[120.6668,13.8572],[120.6667,13.8572],[120.6667,13.8571],[120.6666,13.8571],[120.6666,13.857],[120.666,13.857],[120.666,13.8571],[120.6659,13.8571],[120.6659,13.8572],[120.6658,13.8572],[120.6658,13.8571],[120.6657,13.8571],[120.6657,13.8572],[120.6656,13.8572],[120.6656,13.8573],[120.6654,13.8573],[120.6654,13.8574],[120.6653,13.8574],[120.6653,13.8575],[120.6651,13.8575],[120.6651,13.8576],[120.665,13.8576],[120.665,13.8578],[120.6649,13.8578],[120.6649,13.8579],[120.6648,13.8579],[120.6648,13.858],[120.6647,13.858],[120.6647,13.8582],[120.6646,13.8582],[120.6646,13.8591],[120.6645,13.8591],[120.6645,13.8594],[120.6646,13.8594],[120.6646,13.8596],[120.6647,13.8596],[120.6647,13.8597],[120.6648,13.8597],[120.6648,13.8598],[120.6649,13.8598],[120.6649,13.8599],[120.665,13.8599],[120.665,13.86]]]}},
{"type":"Feature","properties":{"ClassID":1},"geometry":{"type":"Polygon","coordinates":[[[120.6594,13.8593],[120.6596,13.8593],[120.6596,13.8592],[120.6595,13.8592],[120.6595,13.8591],[120.6594,13.8591],[120.6594,13.8593]]]}},
{"type":"Feature","properties":{"ClassID":1},"geometry":{"type":"Polygon","coordinates":[[[120.6782,13.8561],[120.6786,13.8561],[120.6786,13.856],[120.6787,13.856],[120.6787,13.8559],[120.6788,13.8559],[120.6788,13.8558],[120.6787,13.8558],[120.6787,13.8557],[120.6786,13.8557],[120.6786,13.8558],[120.6785,13.8558],[120.6785,13.856],[120.6782,13.856],[120.6782,13.8561]]]}},
{"type":"Feature","properties":{"ClassID":1},"geometry":{"type":"Polygon","coordinates":[[[120.6717,13.8577],[120.6724,13.8577],[120.6724,13.8576],[120.6725,13.8576],[120.6725,13.8575],[120.6728,13.8575],[120.6728,13.8574],[120.6729,13.8574],[120.6729,13.8573],[120.6726,13.8573],[120.6726,13.8572],[120.6727,13.8572],[120.6727,13.8571],[120.6726,13.8571],[120.6726,13.8569],[120.6727,13.8569],[120.6727,13.8568],[120.6729,13.8568],[120.6729,13.8566],[120.6731,13.8566],[120.6731,13.8565],[120.6732,13.8565],[120.6732,13.8564],[120.6733,13.8564],[120.6733,13.8563],[120.6734,13.8563],[120.6734,13.8562],[120.6737,13.8562],[120.6737,13.8561],[120.674,13.8561],[120.674,13.856],[120.6741,13.856],[120.6741,13.8561],[120.6742,13.8561],[120.6742,13.8562],[120.6744,13.8562],[120.6744,13.8561],[120.6743,13.8561],[120.6743,13.856],[120.6745,13.856],[120.6745,13.8559],[120.6746,13.8559],[120.6746,13.8557],[120.6747,13.8557],[120.6747,13.8556],[120.6749,13.8556],[120.6749,13.8554],[120.6753,13.8554],[120.6753,13.8555],[120.6757,13.8555],[120.6757,13.8556],[120.6759,13.8556],[120.6759,13.8557],[120.6762,13.8557],[120.6762,13.8558],[120.6765,13.8558],[120.6765,13.8556],[120.6766,13.8556],[120.6766,13.8555],[120.677,13.8555],[120.677,13.8554],[120.6761,13.8554],[120.6761,13.8553],[120.6758,13.8553],[120.6758,13.8552],[120.6757,13.8552],[120.6757,13.8553],[120.6755,13.8553],[120.6755,13.8552],[120.6754,13.8552],[120.6754,13.8551],[120.6745,13.8551],[120.6745,13.8552],[120.674,13.8552],[120.674,13.8553],[120.6739,13.8553],[120.6739,13.8554],[120.6738,13.8554],[120.6738,13.8555],[120.6737,13.8555],[120.6737,13.8556],[120.6736,13.8556],[120.6736,13.8557],[120.6735,13.8557],[120.6735,13.8559],[120.6733,13.8559],[120.6733,13.856],[120.673,13.856],[120.673,13.8561],[120.6729,13.8561],[120.6729,13.8562],[120.6728,13.8562],[120.6728,13.8563],[120.6726,13.8563],[120.6726,13.8567],[120.6725,13.8567],[120.6725,13.8568],[120.6724,13.8568],[120.6724,13.8569],[120.6723,13.8569],[120.6723,13.8568],[120.6719,13.8568],[120.6719,13.8567],[120.6717,13.8567],[120.6717,13.8566],[120.6715,13.8566],[120.6715,13.8565],[120.6713,13.8565],[120.6713,13.8564],[120.6709,13.8564],[120.6709,13.8565],[120.6707,13.8565],[120.6707,13.8566],[120.6706,13.8566],[120.6706,13.8568],[120.6705,13.8568],[120.6705,13.8569],[120.6704,13.8569],[120.6704,13.8572],[120.6706,13.8572],[120.6706,13.8571],[120.6708,13.8571],[120.6708,13.857],[120.6709,13.857],[120.6709,13.8569],[120.6714,13.8569],[120.6714,13.857],[120.6715,13.857],[120.6715,13.8573],[120.6716,13.8573],[120.6716,13.8576],[120.6717,13.8576],[120.6717,13.8577]],[[120.6762,13.8557],[120.6762,13.8556],[120.6763,13.8556],[120.6763,13.8557],[120.6762,13.8557]]]}},
{"type":"Feature","properties":{"ClassID":1},"geometry":{"type":"Polygon","coordinates":[[[120.679,13.8558],[120.6792,13.8558],[120.6792,13.8557],[120.6797,13.8557],[120.6797,13.8556],[120.6799,13.8556],[120.6799,13.8555],[120.68,13.8555],[120.68,13.8554],[120.6801,13.8554],[120.6801,13.8548],[120.6802,13.8548],[120.6802,13.8545],[120.68,13.8545],[120.68,13.8544],[120.6798,13.8544],[120.6798,13.8543],[120.6795,13.8543],[120.6795,13.8544],[120.6794,13.8544],[120.6794,13.8545],[120.6781,13.8545],[120.6781,13.8546],[120.6775,13.8546],[120.6775,13.8547],[120.6774,13.8547],[120.6774,13.855],[120.6775,13.855],[120.6775,13.8551],[120.6774,13.8551],[120.6774,13.8552],[120.6773,13.8552],[120.6773,13.8555],[120.6774,13.8555],[120.6774,13.8554],[120.6776,13.8554],[120.6776,13.8553],[120.6775,13.8553],[120.6775,13.8552],[120.6776,13.8552],[120.6776,13.8551],[120.6777,13.8551],[120.6777,13.8552],[120.6778,13.8552],[120.6778,13.8553],[120.678,13.8553],[120.678,13.8554],[120.6781,13.8554],[120.6781,13.8553],[120.6783,13.8553],[120.6783,13.8554],[120.6785,13.8554],[120.6785,13.8553],[120.6786,13.8553],[120.6786,13.8554],[120.6787,13.8554],[120.6787,13.8555],[120.6788,13.8555],[120.6788,13.8556],[120.6787,13.8556],[120.6787,13.8557],[120.679,13.8557],[120.679,13.8558]]]}},
{"type":"Feature","properties":{"ClassID":1},"geometry":{"type":"Polygon","coordinates":[[[120.6506,13.8547],[120.6508,13.8547],[120.6508,13.8546],[120.6509,13.8546],[120.6509,13.8547],[120.6515,13.8547],[120.6515,13.8546],[120.6517,13.8546],[120.6517,13.8545],[120.6516,13.8545],[120.6516,13.8544],[120.6517,13.8544],[120.6517,13.8542],[120.652,13.8542],[120.652,13.854],[120.6521,13.854],[120.6521,13.8539],[120.6524,13.8539],[120.6524,13.8538],[120.6526,13.8538],[120.6526,13.8537],[120.6528,13.8537],[120.6528,13.8536],[120.6532,13.8536],[120.6532,13.8535],[120.6533,13.8535],[120.6533,13.8536],[120.6534,13.8536],[120.6534,13.8537],[120.6533,13.8537],[120.6533,13.8538],[120.6534,13.8538],[120.6534,13.8539],[120.654,13.8539],[120.654,13.854],[120.6542,13.854],[120.6542,13.8541],[120.6543,13.8541],[120.6543,13.8542],[120.6544,13.8542],[120.6544,13.8545],[120.6548,13.8545],[120.6548,13.8544],[120.6551,13.8544],[120.6551,13.8543],[120.6557,13.8543],[120.6557,13.8542],[120.6558,13.8542],[120.6558,13.8541],[120.6559,13.8541],[120.6559,13.854],[120.656,13.854],[120.656,13.8539],[120.6561,13.8539],[120.6561,13.8538],[120.6562,13.8538],[120.6562,13.8537],[120.6563,13.8537],[120.6563,13.8535],[120.6565,13.8535],[120.6565,13.8534],[120.6562,13.8534],[120.6562,13.8536],[120.6561,13.8536],[120.6561,13.8537],[120.656,13.8537],[120.656,13.8538],[120.6557,13.8538],[120.6557,13.8537],[120.6556,13.8537],[120.6556,13.8539],[120.6555,13.8539],[120.6555,13.854],[120.6552,13.854],[120.6552,13.8536],[120.6551,13.8536],[120.6551,13.8534],[120.6552,13.8534],[120.6552,13.8533],[120.6553,13.8533],[120.6553,13.8532],[120.6554,13.8532],[120.6554,13.8534],[120.6555,13.8534],[120.6555,13.8535],[120.6556,13.8535],[120.6556,13.8536],[120.6557,13.8536],[120.6557,13.8535],[120.6558,13.8535],[120.6558,13.8534],[120.6559,13.8534],[120.6559,13.8533],[120.656,13.8533],[120.656,13.8532],[120.6559,13.8532],[120.6559,13.8531],[120.6557,13.8531],[120.6557,13.853],[120.6556,13.853],[120.6556,13.8531],[120.6555,13.8531],[120.6555,13.8525],[120.6551,13.8525],[120.6551,13.8524],[120.6548,13.8524],[120.6548,13.8523],[120.6547,13.8523],[120.6547,13.8522],[120.6546,13.8522],[120.6546,13.852],[120.6545,13.852],[120.6545,13.8516],[120.6544,13.8516],[120.6544,13.8515],[120.6536,13.8515],[120.6536,13.8516],[120.6533,13.8516],[120.6533,13.8519],[120.6532,13.8519],[120.6532,13.8521],[120.6531,13.8521],[120.6531,13.8522],[120.6528,13.8522],[120.6528,13.8523],[120.6526,13.8523],[120.6526,13.8524],[120.6522,13.8524],[120.6522,13.8525],[120.6521,13.8525],[120.6521,13.8526],[120.652,13.8526],[120.652,13.8525],[120.6519,13.8525],[120.6519,13.8527],[120.6517,13.8527],[120.6517,13.8528],[120.6516,13.8528],[120.6516,13.8529],[120.6515,13.8529],[120.6515,13.8531],[120.6514,13.8531],[120.6514,13.8532],[120.6513,13.8532],[120.6513,13.8534],[120.6512,13.8534],[120.6512,13.8535],[120.6511,13.8535],[120.6511,13.8536],[120.6508,13.8536],[120.6508,13.8538],[120.6506,13.8538],[120.6506,13.8539],[120.6504,13.8539],[120.6504,13.854],[120.6503,13.854],[120.6503,13.8541],[120.6505,13.8541],[120.6505,13.8543],[120.6503,13.8543],[120.6503,13.8544],[120.6505,13.8544],[120.6505,13.8546],[120.6506,13.8546],[120.6506,13.8547]]]}},
{"type":"Feature","properties":{"ClassID":1},"geometry":{"type":"Polygon","coordinates":[[[120.6513,13.8473],[120.6516,13.8473],[120.6516,13.8472],[120.6517,13.8472],[120.6517,13.847],[120.6518,13.847],[120.6518,13.8469],[120.652,13.8469],[120.652,13.8468],[120.6522,13.8468],[120.6522,13.8467],[120.6523,13.8467],[120.6523,13.8468],[120.6528,13.8468],[120.6528,13.8466],[120.6522,13.8466],[120.6522,13.8464],[120.6518,13.8464],[120.6518,13.846],[120.6516,13.846],[120.6516,13.8457],[120.6515,13.8457],[120.6515,13.8456],[120.6513,13.8456],[120.6513,13.8457],[120.6512,13.8457],[120.6512,13.8459],[120.6511,13.8459],[120.6511,13.846],[120.651,13.846],[120.651,13.8463],[120.6511,13.8463],[120.6511,13.8466],[120.6514,13.8466],[120.6514,13.847],[120.6512,13.847],[120.6512,13.8472],[120.6513,13.8472],[120.6513,13.8473]]]}},
{"type":"Feature","properties":{"ClassID":1},"geometry":{"type":"Polygon","coordinates":[[[120.6525,13.849],[120.6528,13.849],[120.6528,13.8489],[120.6531,13.8489],[120.6531,13.8488],[120.653,13.8488],[120.653,13.8487],[120.6529,13.8487],[120.6529,13.8486],[120.6527,13.8486],[120.6527,13.8485],[120.6522,13.8485],[120.6522,13.8484],[120.6518,13.8484],[120.6518,13.8483],[120.6517,13.8483],[120.6517,13.8484],[120.6516,13.8484],[120.6516,13.8485],[120.6515,13.8485],[120.6515,13.8486],[120.6516,13.8486],[120.6516,13.8487],[120.6518,13.8487],[120.6518,13.8488],[120.6523,13.8488],[120.6523,13.8489],[120.6525,13.8489],[120.6525,13.849]]]}},
{"type":"Feature","properties":{"ClassID":1},"geometry":{"type":"Polygon","coordinates":[[[120.6231,13.8455],[120.6234,13.8455],[120.6234,13.8454],[120.6233,13.8454],[120.6233,13.8451],[120.6232,13.8451],[120.6232,13.845],[120.6231,13.845],[120.6231,13.8449],[120.623,13.8449],[120.623,13.8447],[120.6227,13.8447],[120.6227,13.8446],[120.6225,13.8446],[120.6225,13.8448],[120.6226,13.8448],[120.6226,13.8449],[120.6227,13.8449],[120.6227,13.845],[120.6228,13.845],[120.6228,13.8451],[120.6229,13.8451],[120.6229,13.8452],[120.623,13.8452],[120.623,13.8453],[120.6231,13.8453],[120.6231,13.8455]]]}},
{"type":"Feature","properties":{"ClassID":1},"geometry":{"type":"Polygon","coordinates":[[[120.6236,13.8475],[120.6237,13.8475],[120.6237,13.8473],[120.6238,13.8473],[120.6238,13.8471],[120.6239,13.8471],[120.6239,13.8472],[120.624,13.8472],[120.624,13.8473],[120.6242,13.8473],[120.6242,13.8474],[120.6243,13.8474],[120.6243,13.8475],[120.625,13.8475],[120.625,13.8472],[120.6249,13.8472],[120.6249,13.8465],[120.6248,13.8465],[120.6248,13.8464],[120.6242,13.8464],[120.6242,13.8463],[120.624,13.8463],[120.624,13.8462],[120.6239,13.8462],[120.6239,13.846],[120.6238,13.846],[120.6238,13.8459],[120.6237,13.8459],[120.6237,13.8461],[120.6238,13.8461],[120.6238,13.8463],[120.6239,13.8463],[120.6239,13.8468],[120.6238,13.8468],[120.6238,13.847],[120.6235,13.847],[120.6235,13.8472],[120.6236,13.8472],[120.6236,13.8475]]]}},
{"type":"Feature","properties":{"ClassID":1},"geometry":{"type":"Polygon","coordinates":[[[120.6222,13.8522],[120.6227,13.8522],[120.6227,13.8521],[120.6228,13.8521],[120.6228,13.8519],[120.6227,13.8519],[120.6227,13.852],[120.6226,13.852],[120.6226,13.8516],[120.6227,13.8516],[120.6227,13.8515],[120.6226,13.8515],[120.6226,13.8514],[120.6222,13.8514],[120.6222,13.8513],[120.622,13.8513],[120.622,13.8512],[120.6219,13.8512],[120.6219,13.8513],[120.6218,13.8513],[120.6218,13.8512],[120.6217,13.8512],[120.6217,13.8513],[120.6215,13.8513],[120.6215,13.8515],[120.6216,13.8515],[120.6216,13.8517],[120.6218,13.8517],[120.6218,13.8519],[120.622,13.8519],[120.622,13.852],[120.6222,13.852],[120.6222,13.8522]]]}},
{"type":"Feature","properties":{"ClassID":1},"geometry":{"type":"Polygon","coordinates":[[[120.6211,13.8513],[120.6213,13.8513],[120.6213,13.8507],[120.6212,13.8507],[120.6212,13.8506],[120.6211,13.8506],[120.6211,13.8505],[120.621,13.8505],[120.621,13.8504],[120.6209,13.8504],[120.6209,13.8502],[120.6205,13.8502],[120.6205,13.8503],[120.6202,13.8503],[120.6202,13.8504],[120.62,13.8504],[120.62,13.8505],[120.6201,13.8505],[120.6201,13.8507],[120.6204,13.8507],[120.6204,13.8508],[120.6205,13.8508],[120.6205,13.8509],[120.6206,13.8509],[120.6206,13.851],[120.6207,13.851],[120.6207,13.8511],[120.6209,13.8511],[120.6209,13.8512],[120.6211,13.8512],[120.6211,13.8513]]]}},
{"type":"Feature","properties":{"ClassID":1},"geometry":{"type":"Polygon","coordinates":[[[120.6214,13.8501],[120.6216,13.8501],[120.6216,13.85],[120.6218,13.85],[120.6218,13.8497],[120.6217,13.8497],[120.6217,13.8496],[120.6216,13.8496],[120.6216,13.8495],[120.6215,13.8495],[120.6215,13.8497],[120.6214,13.8497],[120.6214,13.8499],[120.6212,13.8499],[120.6212,13.85],[120.6214,13.85],[120.6214,13.8501]]]}},
{"type":"Feature","properties":{"ClassID":1},"geometry":{"type":"Polygon","coordinates":[[[120.6213,13.8437],[120.6215,13.8437],[120.6215,13.8436],[120.6214,13.8436],[120.6214,13.8435],[120.6213,13.8435],[120.6213,13.8434],[120.621,13.8434],[120.621,13.8433],[120.6209,13.8433],[120.6209,13.8432],[120.6207,13.8432],[120.6207,13.843],[120.6206,13.843],[120.6206,13.8427],[120.6207,13.8427],[120.6207,13.8425],[120.6203,13.8425],[120.6203,13.8426],[120.6202,13.8426],[120.6202,13.8429],[120.6203,13.8429],[120.6203,13.843],[120.6205,13.843],[120.6205,13.8432],[120.6206,13.8432],[120.6206,13.8433],[120.6207,13.8433],[120.6207,13.8434],[120.6209,13.8434],[120.6209,13.8435],[120.6211,13.8435],[120.6211,13.8436],[120.6213,13.8436],[120.6213,13.8437]]]}},
{"type":"Feature","properties":{"ClassID":1},"geometry":{"type":"Polygon","coordinates":[[[120.622,13.8444],[120.6222,13.8444],[120.6222,13.8443],[120.6221,13.8443],[120.6221,13.8442],[120.622,13.8442],[120.622,13.8441],[120.6219,13.8441],[120.6219,13.8443],[120.622,13.8443],[120.622,13.8444]]]}},
{"type":"Feature","properties":{"ClassID":1},"geometry":{"type":"Polygon","coordinates":[[[120.6215,13.844],[120.6217,13.844],[120.6217,13.8439],[120.6216,13.8439],[120.6216,13.8438],[120.6214,13.8438],[120.6214,13.8439],[120.6215,13.8439],[120.6215,13.844]]]}},
{"type":"Feature","properties":{"ClassID":1},"geometry":{"type":"Polygon","coordinates":[[[120.6248,13.8278],[120.625,13.8278],[120.625,13.8274],[120.6251,13.8274],[120.6251,13.8272],[120.6252,13.8272],[120.6252,13.8273],[120.6254,13.8273],[120.6254,13.8272],[120.6258,13.8272],[120.6258,13.8273],[120.6259,13.8273],[120.6259,13.8272],[120.6261,13.8272],[120.6261,13.8275],[120.6262,13.8275],[120.6262,13.8273],[120.6263,13.8273],[120.6263,13.8271],[120.6264,13.8271],[120.6264,13.827],[120.6265,13.827],[120.6265,13.8269],[120.6266,13.8269],[120.6266,13.8268],[120.6265,13.8268],[120.6265,13.8266],[120.6262,13.8266],[120.6262,13.8263],[120.6259,13.8263],[120.6259,13.8262],[120.6257,13.8262],[120.6257,13.8261],[120.6256,13.8261],[120.6256,13.826],[120.6248,13.826],[120.6248,13.8259],[120.6246,13.8259],[120.6246,13.8258],[120.6244,13.8258],[120.6244,13.8259],[120.6245,13.8259],[120.6245,13.8261],[120.6244,13.8261],[120.6244,13.8263],[120.6242,13.8263],[120.6242,13.8262],[120.6241,13.8262],[120.6241,13.8264],[120.624,13.8264],[120.624,13.8265],[120.6239,13.8265],[120.6239,13.8268],[120.6237,13.8268],[120.6237,13.8271],[120.6236,13.8271],[120.6236,13.8272],[120.6239,13.8272],[120.6239,13.827],[120.624,13.827],[120.624,13.8269],[120.6243,13.8269],[120.6243,13.8272],[120.6244,13.8272],[120.6244,13.8276],[120.6245,13.8276],[120.6245,13.8277],[120.6248,13.8277],[120.6248,13.8278]],[[120.6243,13.8266],[120.6243,13.8264],[120.6244,13.8264],[120.6244,13.8266],[120.6243,13.8266]]]}},
{"type":"Feature","properties":{"ClassID":1},"geometry":{"type":"Polygon","coordinates":[[[120.6559,13.83],[120.6563,13.83],[120.6563,13.8298],[120.6564,13.8298],[120.6564,13.8295],[120.6565,13.8295],[120.6565,13.8294],[120.6566,13.8294],[120.6566,13.8293],[120.6567,13.8293],[120.6567,13.8291],[120.6568,13.8291],[120.6568,13.829],[120.6569,13.829],[120.6569,13.8287],[120.657,13.8287],[120.657,13.8286],[120.6571,13.8286],[120.6571,13.8284],[120.6572,13.8284],[120.6572,13.8282],[120.6573,13.8282],[120.6573,13.8278],[120.6574,13.8278],[120.6574,13.8277],[120.6575,13.8277],[120.6575,13.8274],[120.6576,13.8274],[120.6576,13.8273],[120.6578,13.8273],[120.6578,13.8272],[120.6579,13.8272],[120.6579,13.8267],[120.658,13.8267],[120.658,13.8266],[120.6581,13.8266],[120.6581,13.8263],[120.6582,13.8263],[120.6582,13.8256],[120.6575,13.8256],[120.6575,13.8255],[120.6571,13.8255],[120.6571,13.8256],[120.6569,13.8256],[120.6569,13.8257],[120.6568,13.8257],[120.6568,13.8256],[120.6564,13.8256],[120.6564,13.8257],[120.6563,13.8257],[120.6563,13.8258],[120.6562,13.8258],[120.6562,13.826],[120.6561,13.826],[120.6561,13.8262],[120.656,13.8262],[120.656,13.8263],[120.6559,13.8263],[120.6559,13.8267],[120.6558,13.8267],[120.6558,13.8268],[120.6559,13.8268],[120.6559,13.8269],[120.656,13.8269],[120.656,13.827],[120.6561,13.827],[120.6561,13.8271],[120.6564,13.8271],[120.6564,13.8272],[120.6565,13.8272],[120.6565,13.8273],[120.6564,13.8273],[120.6564,13.8284],[120.6563,13.8284],[120.6563,13.8285],[120.6562,13.8285],[120.6562,13.829],[120.6561,13.829],[120.6561,13.8292],[120.656,13.8292],[120.656,13.8293],[120.6561,13.8293],[120.6561,13.8295],[120.656,13.8295],[120.656,13.8298],[120.6559,13.8298],[120.6559,13.83]]]}},
{"type":"Feature","properties":{"ClassID":1},"geometry":{"type":"Polygon","coordinates":[[[120.652,13.8314],[120.6522,13.8314],[120.6522,13.8312],[120.652,13.8312],[120.652,13.8311],[120.6519,13.8311],[120.6519,13.8309],[120.6518,13.8309],[120.6518,13.8308],[120.6516,13.8308],[120.6516,13.8299],[120.6517,13.8299],[120.6517,13.8298],[120.6526,13.8298],[120.6526,13.8299],[120.6527,13.8299],[120.6527,13.8301],[120.653,13.8301],[120.653,13.83],[120.6535,13.83],[120.6535,13.8301],[120.6536,13.8301],[120.6536,13.83],[120.6537,13.83],[120.6537,13.8301],[120.6538,13.8301],[120.6538,13.8302],[120.6539,13.8302],[120.6539,13.8304],[120.654,13.8304],[120.654,13.8305],[120.6541,13.8305],[120.6541,13.8306],[120.6542,13.8306],[120.6542,13.8307],[120.6545,13.8307],[120.6545,13.8308],[120.6547,13.8308],[120.6547,13.8306],[120.6546,13.8306],[120.6546,13.8305],[120.6545,13.8305],[120.6545,13.8304],[120.6544,13.8304],[120.6544,13.8303],[120.6542,13.8303],[120.6542,13.8302],[120.6541,13.8302],[120.6541,13.8301],[120.654,13.8301],[120.654,13.8299],[120.6535,13.8299],[120.6535,13.8298],[120.653,13.8298],[120.653,13.8297],[120.6529,13.8297],[120.6529,13.8295],[120.6528,13.8295],[120.6528,13.8293],[120.6527,13.8293],[120.6527,13.8291],[120.6526,13.8291],[120.6526,13.829],[120.6521,13.829],[120.6521,13.8292],[120.6517,13.8292],[120.6517,13.8291],[120.6516,13.8291],[120.6516,13.8293],[120.6514,13.8293],[120.6514,13.8295],[120.651,13.8295],[120.651,13.8298],[120.6511,13.8298],[120.6511,13.83],[120.6512,13.83],[120.6512,13.8301],[120.6514,13.8301],[120.6514,13.8304],[120.6515,13.8304],[120.6515,13.8305],[120.6514,13.8305],[120.6514,13.8309],[120.6515,13.8309],[120.6515,13.831],[120.6516,13.831],[120.6516,13.8312],[120.6518,13.8312],[120.6518,13.8313],[120.652,13.8313],[120.652,13.8314]]]}},
{"type":"Feature","properties":{"ClassID":1},"geometry":{"type":"Polygon","coordinates":[[[120.6532,13.8468],[120.6536,13.8468],[120.6536,13.8467],[120.6538,13.8467],[120.6538,13.8466],[120.654,13.8466],[120.654,13.8465],[120.6544,13.8465],[120.6544,13.8464],[120.6546,13.8464],[120.6546,13.8463],[120.6548,13.8463],[120.6548,13.8464],[120.655,13.8464],[120.655,13.8463],[120.6552,13.8463],[120.6552,13.8462],[120.6553,13.8462],[120.6553,13.846],[120.6555,13.846],[120.6555,13.8458],[120.6556,13.8458],[120.6556,13.8452],[120.6557,13.8452],[120.6557,13.8451],[120.6558,13.8451],[120.6558,13.8434],[120.6559,13.8434],[120.6559,13.8429],[120.6558,13.8429],[120.6558,13.8428],[120.6557,13.8428],[120.6557,13.8422],[120.6556,13.8422],[120.6556,13.8415],[120.6557,13.8415],[120.6557,13.8412],[120.6554,13.8412],[120.6554,13.8411],[120.6552,13.8411],[120.6552,13.841],[120.6553,13.841],[120.6553,13.8408],[120.6552,13.8408],[120.6552,13.8406],[120.6553,13.8406],[120.6553,13.8405],[120.6555,13.8405],[120.6555,13.8402],[120.6556,13.8402],[120.6556,13.8387],[120.6557,13.8387],[120.6557,13.8384],[120.6556,13.8384],[120.6556,13.8383],[120.6557,13.8383],[120.6557,13.8381],[120.6558,13.8381],[120.6558,13.8375],[120.6559,13.8375],[120.6559,13.8368],[120.6558,13.8368],[120.6558,13.8362],[120.6557,13.8362],[120.6557,13.8357],[120.6556,13.8357],[120.6556,13.8356],[120.6554,13.8356],[120.6554,13.8355],[120.6552,13.8355],[120.6552,13.8352],[120.6551,13.8352],[120.6551,13.8351],[120.655,13.8351],[120.655,13.8349],[120.6549,13.8349],[120.6549,13.8348],[120.6547,13.8348],[120.6547,13.8347],[120.6546,13.8347],[120.6546,13.8346],[120.6545,13.8346],[120.6545,13.8345],[120.6543,13.8345],[120.6543,13.8344],[120.6542,13.8344],[120.6542,13.8343],[120.6541,13.8343],[120.6541,13.8344],[120.654,13.8344],[120.654,13.8349],[120.6541,13.8349],[120.6541,13.8351],[120.6542,13.8351],[120.6542,13.8354],[120.6543,13.8354],[120.6543,13.8366],[120.6542,13.8366],[120.6542,13.8367],[120.654,13.8367],[120.654,13.8368],[120.6535,13.8368],[120.6535,13.837],[120.6534,13.837],[120.6534,13.8372],[120.6536,13.8372],[120.6536,13.8375],[120.6537,13.8375],[120.6537,13.8378],[120.6536,13.8378],[120.6536,13.838],[120.6532,13.838],[120.6532,13.8379],[120.6529,13.8379],[120.6529,13.838],[120.6528,13.838],[120.6528,13.8381],[120.6527,13.8381],[120.6527,13.8385],[120.6528,13.8385],[120.6528,13.8388],[120.6527,13.8388],[120.6527,13.839],[120.6526,13.839],[120.6526,13.8391],[120.6525,13.8391],[120.6525,13.8393],[120.6524,13.8393],[120.6524,13.8396],[120.6525,13.8396],[120.6525,13.8397],[120.6526,13.8397],[120.6526,13.8398],[120.6527,13.8398],[120.6527,13.8399],[120.6526,13.8399],[120.6526,13.84],[120.6527,13.84],[120.6527,13.8401],[120.6526,13.8401],[120.6526,13.8402],[120.6527,13.8402],[120.6527,13.8403],[120.6526,13.8403],[120.6526,13.8404],[120.6527,13.8404],[120.6527,13.8405],[120.6525,13.8405],[120.6525,13.8407],[120.6524,13.8407],[120.6524,13.8411],[120.6523,13.8411],[120.6523,13.841],[120.6522,13.841],[120.6522,13.8411],[120.6518,13.8411],[120.6518,13.841],[120.6515,13.841],[120.6515,13.8411],[120.6514,13.8411],[120.6514,13.8413],[120.6513,13.8413],[120.6513,13.8414],[120.6512,13.8414],[120.6512,13.8417],[120.6511,13.8417],[120.6511,13.8419],[120.6512,13.8419],[120.6512,13.8423],[120.6513,13.8423],[120.6513,13.8424],[120.6514,13.8424],[120.6514,13.8426],[120.6516,13.8426],[120.6516,13.8427],[120.6521,13.8427],[120.6521,13.8426],[120.6522,13.8426],[120.6522,13.8425],[120.6523,13.8425],[120.6523,13.8424],[120.6525,13.8424],[120.6525,13.8425],[120.6526,13.8425],[120.6526,13.8426],[120.6527,13.8426],[120.6527,13.8429],[120.6528,13.8429],[120.6528,13.8432],[120.6529,13.8432],[120.6529,13.8433],[120.6528,13.8433],[120.6528,13.8434],[120.6529,13.8434],[120.6529,13.8435],[120.653,13.8435],[120.653,13.8437],[120.6531,13.8437],[120.6531,13.844],[120.6532,13.844],[120.6532,13.8444],[120.6533,13.8444],[120.6533,13.8447],[120.6532,13.8447],[120.6532,13.8448],[120.6533,13.8448],[120.6533,13.8452],[120.6534,13.8452],[120.6534,13.8455],[120.6535,13.8455],[120.6535,13.8458],[120.6536,13.8458],[120.6536,13.8465],[120.6535,13.8465],[120.6535,13.8466],[120.6534,13.8466],[120.6534,13.8467],[120.6532,13.8467],[120.6532,13.8468]],[[120.6539,13.8449],[120.6539,13.8448],[120.654,13.8448],[120.654,13.8449],[120.6539,13.8449]],[[120.6538,13.8448],[120.6538,13.8447],[120.6539,13.8447],[120.6539,13.8448],[120.6538,13.8448]],[[120.6537,13.8445],[120.6537,13.8444],[120.6536,13.8444],[120.6536,13.8443],[120.6537,13.8443],[120.6537,13.8442],[120.6539,13.8442],[120.6539,13.8445],[120.6537,13.8445]],[[120.6539,13.8437],[120.6539,13.8436],[120.6538,13.8436],[120.6538,13.8431],[120.6537,13.8431],[120.6537,13.843],[120.6536,13.843],[120.6536,13.8433],[120.6534,13.8433],[120.6534,13.8428],[120.653,13.8428],[120.653,13.8426],[120.6532,13.8426],[120.6532,13.8425],[120.6531,13.8425],[120.6531,13.8424],[120.6529,13.8424],[120.6529,13.8423],[120.6528,13.8423],[120.6528,13.8421],[120.6527,13.8421],[120.6527,13.8417],[120.6528,13.8417],[120.6528,13.8416],[120.6527,13.8416],[120.6527,13.8415],[120.6526,13.8415],[120.6526,13.8414],[120.6525,13.8414],[120.6525,13.8407],[120.6529,13.8407],[120.6529,13.8408],[120.653,13.8408],[120.653,13.8409],[120.6532,13.8409],[120.6532,13.8408],[120.6533,13.8408],[120.6533,13.8407],[120.6534,13.8407],[120.6534,13.8408],[120.6536,13.8408],[120.6536,13.8409],[120.6544,13.8409],[120.6544,13.8411],[120.6546,13.8411],[120.6546,13.8412],[120.6545,13.8412],[120.6545,13.8413],[120.6544,13.8413],[120.6544,13.8414],[120.6542,13.8414],[120.6542,13.8415],[120.6538,13.8415],[120.6538,13.8414],[120.6537,13.8414],[120.6537,13.8415],[120.6536,13.8415],[120.6536,13.8416],[120.6543,13.8416],[120.6543,13.8417],[120.6544,13.8417],[120.6544,13.8418],[120.6543,13.8418],[120.6543,13.8421],[120.6542,13.8421],[120.6542,13.8423],[120.6541,13.8423],[120.6541,13.8424],[120.6538,13.8424],[120.6538,13.8425],[120.654,13.8425],[120.654,13.8428],[120.6539,13.8428],[120.6539,13.8431],[120.654,13.8431],[120.654,13.8435],[120.6541,13.8435],[120.6541,13.8437],[120.6539,13.8437]],[[120.6539,13.8401],[120.6539,13.8397],[120.6541,13.8397],[120.6541,13.84],[120.654,13.84],[120.654,13.8401],[120.6539,13.8401]],[[120.654,13.8394],[120.654,13.8393],[120.6541,13.8393],[120.6541,13.8394],[120.654,13.8394]],[[120.6539,13.8386],[120.6539,13.8384],[120.6541,13.8384],[120.6541,13.8386],[120.6539,13.8386]]]}},
{"type":"Feature","properties":{"ClassID":1},"geometry":{"type":"Polygon","coordinates":[[[120.6532,13.8425],[120.6536,13.8425],[120.6536,13.8424],[120.6535,13.8424],[120.6535,13.8423],[120.6533,13.8423],[120.6533,13.8424],[120.6532,13.8424],[120.6532,13.8425]]]}},
{"type":"Feature","properties":{"ClassID":1},"geometry":{"type":"Polygon","coordinates":[[[120.6638,13.8133],[120.6641,13.8133],[120.6641,13.8132],[120.6642,13.8132],[120.6642,13.8129],[120.6643,13.8129],[120.6643,13.8128],[120.6644,13.8128],[120.6644,13.8126],[120.6645,13.8126],[120.6645,13.8125],[120.6646,13.8125],[120.6646,13.8124],[120.6647,13.8124],[120.6647,13.8123],[120.6648,13.8123],[120.6648,13.8122],[120.6649,13.8122],[120.6649,13.812],[120.665,13.812],[120.665,13.8119],[120.6652,13.8119],[120.6652,13.8116],[120.6653,13.8116],[120.6653,13.8111],[120.6654,13.8111],[120.6654,13.811],[120.6655,13.811],[120.6655,13.8108],[120.6656,13.8108],[120.6656,13.8107],[120.6655,13.8107],[120.6655,13.8105],[120.6654,13.8105],[120.6654,13.8106],[120.6652,13.8106],[120.6652,13.8107],[120.6651,13.8107],[120.6651,13.8109],[120.665,13.8109],[120.665,13.8108],[120.6649,13.8108],[120.6649,13.8107],[120.6646,13.8107],[120.6646,13.8108],[120.6645,13.8108],[120.6645,13.8109],[120.6643,13.8109],[120.6643,13.811],[120.6642,13.811],[120.6642,13.8111],[120.6641,13.8111],[120.6641,13.8112],[120.664,13.8112],[120.664,13.8113],[120.6639,13.8113],[120.6639,13.8114],[120.6638,13.8114],[120.6638,13.8115],[120.6637,13.8115],[120.6637,13.8116],[120.6636,13.8116],[120.6636,13.8117],[120.6635,13.8117],[120.6635,13.8118],[120.6634,13.8118],[120.6634,13.8119],[120.6633,13.8119],[120.6633,13.812],[120.6632,13.812],[120.6632,13.8122],[120.6631,13.8122],[120.6631,13.8123],[120.6632,13.8123],[120.6632,13.8124],[120.6633,13.8124],[120.6633,13.8126],[120.6634,13.8126],[120.6634,13.8127],[120.6635,13.8127],[120.6635,13.8128],[120.6636,13.8128],[120.6636,13.813],[120.6637,13.813],[120.6637,13.8131],[120.6638,13.8131],[120.6638,13.8133]]]}},
{"type":"Feature","properties":{"ClassID":1},"geometry":{"type":"Polygon","coordinates":[[[120.6313,13.8206],[120.6314,13.8206],[120.6314,13.8205],[120.6315,13.8205],[120.6315,13.8204],[120.6316,13.8204],[120.6316,13.8203],[120.6317,13.8203],[120.6317,13.8201],[120.6318,13.8201],[120.6318,13.8199],[120.6319,13.8199],[120.6319,13.8198],[120.632,13.8198],[120.632,13.8196],[120.6321,13.8196],[120.6321,13.8191],[120.6322,13.8191],[120.6322,13.819],[120.6321,13.819],[120.6321,13.8189],[120.6325,13.8189],[120.6325,13.8184],[120.6324,13.8184],[120.6324,13.8183],[120.6323,13.8183],[120.6323,13.8184],[120.6319,13.8184],[120.6319,13.8183],[120.6321,13.8183],[120.6321,13.8182],[120.6322,13.8182],[120.6322,13.8181],[120.6323,13.8181],[120.6323,13.818],[120.632,13.818],[120.632,13.8181],[120.6318,13.8181],[120.6318,13.8182],[120.631,13.8182],[120.631,13.8187],[120.6308,13.8187],[120.6308,13.8186],[120.6307,13.8186],[120.6307,13.8185],[120.6306,13.8185],[120.6306,13.8182],[120.6305,13.8182],[120.6305,13.8181],[120.6303,13.8181],[120.6303,13.8182],[120.6302,13.8182],[120.6302,13.8181],[120.6299,13.8181],[120.6299,13.8184],[120.6298,13.8184],[120.6298,13.8187],[120.6297,13.8187],[120.6297,13.8191],[120.6296,13.8191],[120.6296,13.8192],[120.6295,13.8192],[120.6295,13.8198],[120.6296,13.8198],[120.6296,13.8199],[120.6298,13.8199],[120.6298,13.82],[120.63,13.82],[120.63,13.8201],[120.6301,13.8201],[120.6301,13.8202],[120.6303,13.8202],[120.6303,13.8204],[120.6304,13.8204],[120.6304,13.8205],[120.6305,13.8205],[120.6305,13.8204],[120.6306,13.8204],[120.6306,13.8203],[120.6307,13.8203],[120.6307,13.8202],[120.6309,13.8202],[120.6309,13.8203],[120.631,13.8203],[120.631,13.8204],[120.6311,13.8204],[120.6311,13.8205],[120.6313,13.8205],[120.6313,13.8206]],[[120.6319,13.8194],[120.6319,13.8193],[120.632,13.8193],[120.632,13.8194],[120.6319,13.8194]],[[120.6315,13.8185],[120.6315,13.8184],[120.6316,13.8184],[120.6316,13.8185],[120.6315,13.8185]],[[120.6318,13.8185],[120.6318,13.8184],[120.6319,13.8184],[120.6319,13.8185],[120.6318,13.8185]]]}},
{"type":"Feature","properties":{"ClassID":1},"geometry":{"type":"Polygon","coordinates":[[[120.629,13.8232],[120.6293,13.8232],[120.6293,13.8231],[120.6294,13.8231],[120.6294,13.823],[120.6296,13.823],[120.6296,13.8228],[120.6298,13.8228],[120.6298,13.8227],[120.6294,13.8227],[120.6294,13.8226],[120.6289,13.8226],[120.6289,13.8229],[120.6288,13.8229],[120.6288,13.823],[120.6289,13.823],[120.6289,13.8231],[120.629,13.8231],[120.629,13.8232]]]}},
{"type":"Feature","properties":{"ClassID":1},"geometry":{"type":"Polygon","coordinates":[[[120.6281,13.8243],[120.6282,13.8243],[120.6282,13.8238],[120.6281,13.8238],[120.6281,13.8237],[120.6278,13.8237],[120.6278,13.8235],[120.6277,13.8235],[120.6277,13.8239],[120.6278,13.8239],[120.6278,13.8241],[120.628,13.8241],[120.628,13.8242],[120.6281,13.8242],[120.6281,13.8243]]]}},
{"type":"Feature","properties":{"ClassID":1},"geometry":{"type":"Polygon","coordinates":[[[120.6274,13.8257],[120.6277,13.8257],[120.6277,13.8256],[120.6281,13.8256],[120.6281,13.8257],[120.6283,13.8257],[120.6283,13.8256],[120.6284,13.8256],[120.6284,13.8255],[120.6285,13.8255],[120.6285,13.825],[120.6284,13.825],[120.6284,13.8249],[120.6283,13.8249],[120.6283,13.8248],[120.6282,13.8248],[120.6282,13.8249],[120.6274,13.8249],[120.6274,13.825],[120.6273,13.825],[120.6273,13.8252],[120.6272,13.8252],[120.6272,13.8253],[120.6273,13.8253],[120.6273,13.8256],[120.6274,13.8256],[120.6274,13.8257]]]}},
{"type":"Feature","properties":{"ClassID":1},"geometry":{"type":"Polygon","coordinates":[[[120.6251,13.8257],[120.6253,13.8257],[120.6253,13.8255],[120.6254,13.8255],[120.6254,13.8254],[120.6253,13.8254],[120.6253,13.8253],[120.6254,13.8253],[120.6254,13.825],[120.6256,13.825],[120.6256,13.8249],[120.6257,13.8249],[120.6257,13.8246],[120.6256,13.8246],[120.6256,13.8242],[120.6255,13.8242],[120.6255,13.8241],[120.6254,13.8241],[120.6254,13.824],[120.6253,13.824],[120.6253,13.8239],[120.6252,13.8239],[120.6252,13.8238],[120.6251,13.8238],[120.6251,13.8236],[120.6248,13.8236],[120.6248,13.8237],[120.6245,13.8237],[120.6245,13.8236],[120.6242,13.8236],[120.6242,13.8235],[120.624,13.8235],[120.624,13.8239],[120.6241,13.8239],[120.6241,13.824],[120.6242,13.824],[120.6242,13.8239],[120.6244,13.8239],[120.6244,13.824],[120.6245,13.824],[120.6245,13.8239],[120.6246,13.8239],[120.6246,13.824],[120.6247,13.824],[120.6247,13.8243],[120.6248,13.8243],[120.6248,13.8244],[120.625,13.8244],[120.625,13.8245],[120.6251,13.8245],[120.6251,13.8247],[120.6252,13.8247],[120.6252,13.8252],[120.6251,13.8252],[120.6251,13.8257]]]}},
{"type":"Feature","properties":{"ClassID":1},"geometry":{"type":"Polygon","coordinates":[[[120.6239,13.825],[120.624,13.825],[120.624,13.8249],[120.6241,13.8249],[120.6241,13.8248],[120.624,13.8248],[120.624,13.8245],[120.6239,13.8245],[120.6239,13.8244],[120.6238,13.8244],[120.6238,13.8243],[120.6237,13.8243],[120.6237,13.8244],[120.6236,13.8244],[120.6236,13.8243],[120.6235,13.8243],[120.6235,13.8242],[120.6233,13.8242],[120.6233,13.8241],[120.6231,13.8241],[120.6231,13.8242],[120.623,13.8242],[120.623,13.8241],[120.6229,13.8241],[120.6229,13.8243],[120.6231,13.8243],[120.6231,13.8244],[120.6233,13.8244],[120.6233,13.8245],[120.6235,13.8245],[120.6235,13.8246],[120.6236,13.8246],[120.6236,13.8247],[120.6237,13.8247],[120.6237,13.8248],[120.6238,13.8248],[120.6238,13.8249],[120.6239,13.8249],[120.6239,13.825]]]}},
{"type":"Feature","properties":{"ClassID":1},"geometry":{"type":"Polygon","coordinates":[[[120.6234,13.8234],[120.6236,13.8234],[120.6236,13.8233],[120.6237,13.8233],[120.6237,13.8231],[120.6236,13.8231],[120.6236,13.823],[120.6234,13.823],[120.6234,13.8229],[120.6233,13.8229],[120.6233,13.8228],[120.623,13.8228],[120.623,13.823],[120.6231,13.823],[120.6231,13.8233],[120.6234,13.8233],[120.6234,13.8234]]]}},
{"type":"Feature","properties":{"ClassID":1},"geometry":{"type":"Polygon","coordinates":[[[120.6299,13.8168],[120.63,13.8168],[120.63,13.8167],[120.6301,13.8167],[120.6301,13.8165],[120.6302,13.8165],[120.6302,13.8163],[120.6301,13.8163],[120.6301,13.816],[120.6302,13.816],[120.6302,13.8159],[120.6304,13.8159],[120.6304,13.8157],[120.6303,13.8157],[120.6303,13.8156],[120.6302,13.8156],[120.6302,13.815],[120.6303,13.815],[120.6303,13.8149],[120.6304,13.8149],[120.6304,13.8148],[120.6305,13.8148],[120.6305,13.8146],[120.6306,13.8146],[120.6306,13.8145],[120.6305,13.8145],[120.6305,13.8143],[120.6303,13.8143],[120.6303,13.8145],[120.6302,13.8145],[120.6302,13.8146],[120.6301,13.8146],[120.6301,13.8145],[120.63,13.8145],[120.63,13.8146],[120.6298,13.8146],[120.6298,13.8147],[120.6296,13.8147],[120.6296,13.8148],[120.6293,13.8148],[120.6293,13.8147],[120.629,13.8147],[120.629,13.8148],[120.6289,13.8148],[120.6289,13.8149],[120.6288,13.8149],[120.6288,13.8151],[120.6289,13.8151],[120.6289,13.8152],[120.629,13.8152],[120.629,13.8157],[120.6291,13.8157],[120.6291,13.8159],[120.6292,13.8159],[120.6292,13.8161],[120.6293,13.8161],[120.6293,13.8163],[120.6295,13.8163],[120.6295,13.8164],[120.6297,13.8164],[120.6297,13.8166],[120.6298,13.8166],[120.6298,13.8165],[120.6299,13.8165],[120.6299,13.8168]],[[120.6298,13.8159],[120.6298,13.8158],[120.6297,13.8158],[120.6297,13.8154],[120.6298,13.8154],[120.6298,13.8153],[120.6299,13.8153],[120.6299,13.8152],[120.63,13.8152],[120.63,13.8153],[120.6301,13.8153],[120.6301,13.8159],[120.6298,13.8159]],[[120.629,13.8149],[120.629,13.8148],[120.6291,13.8148],[120.6291,13.8149],[120.629,13.8149]],[[120.6303,13.8147],[120.6303,13.8146],[120.6304,13.8146],[120.6304,13.8147],[120.6303,13.8147]]]}},
{"type":"Feature","properties":{"ClassID":1},"geometry":{"type":"Polygon","coordinates":[[[120.6286,13.8142],[120.6291,13.8142],[120.6291,13.8141],[120.6293,13.8141],[120.6293,13.814],[120.6294,13.814],[120.6294,13.8138],[120.6295,13.8138],[120.6295,13.8137],[120.6296,13.8137],[120.6296,13.8136],[120.6297,13.8136],[120.6297,13.8137],[120.6298,13.8137],[120.6298,13.8135],[120.6299,13.8135],[120.6299,13.8136],[120.6302,13.8136],[120.6302,13.8135],[120.6304,13.8135],[120.6304,13.8134],[120.6303,13.8134],[120.6303,13.8133],[120.6299,13.8133],[120.6299,13.8131],[120.63,13.8131],[120.63,13.813],[120.6298,13.813],[120.6298,13.8131],[120.6297,13.8131],[120.6297,13.8129],[120.6296,13.8129],[120.6296,13.813],[120.6295,13.813],[120.6295,13.8131],[120.6296,13.8131],[120.6296,13.8132],[120.6295,13.8132],[120.6295,13.8133],[120.6292,13.8133],[120.6292,13.8134],[120.6289,13.8134],[120.6289,13.8133],[120.6288,13.8133],[120.6288,13.8134],[120.6287,13.8134],[120.6287,13.8132],[120.6284,13.8132],[120.6284,13.8133],[120.6283,13.8133],[120.6283,13.8134],[120.6284,13.8134],[120.6284,13.8136],[120.6283,13.8136],[120.6283,13.8138],[120.6284,13.8138],[120.6284,13.814],[120.6285,13.814],[120.6285,13.8141],[120.6286,13.8141],[120.6286,13.8142]]]}},
{"type":"Feature","properties":{"ClassID":1},"geometry":{"type":"Polygon","coordinates":[[[120.6235,13.8138],[120.6239,13.8138],[120.6239,13.8137],[120.6237,13.8137],[120.6237,13.8136],[120.6236,13.8136],[120.6236,13.8137],[120.6235,13.8137],[120.6235,13.8138]]]}},
{"type":"Feature","properties":{"ClassID":1},"geometry":{"type":"Polygon","coordinates":[[[120.6234,13.8137],[120.6235,13.8137],[120.6235,13.8136],[120.6236,13.8136],[120.6236,13.8135],[120.6234,13.8135],[120.6234,13.8132],[120.6233,13.8132],[120.6233,13.8133],[120.6232,13.8133],[120.6232,13.8135],[120.6231,13.8135],[120.6231,13.8136],[120.6234,13.8136],[120.6234,13.8137]]]}},
{"type":"Feature","properties":{"ClassID":1},"geometry":{"type":"Polygon","coordinates":[[[120.6233,13.8131],[120.6234,13.8131],[120.6234,13.8127],[120.6232,13.8127],[120.6232,13.8128],[120.6233,13.8128],[120.6233,13.8131]]]}},
{"type":"Feature","properties":{"ClassID":1},"geometry":{"type":"Polygon","coordinates":[[[120.6274,13.8132],[120.6278,13.8132],[120.6278,13.813],[120.6277,13.813],[120.6277,13.8127],[120.6278,13.8127],[120.6278,13.8126],[120.6277,13.8126],[120.6277,13.8124],[120.6276,13.8124],[120.6276,13.8123],[120.6274,13.8123],[120.6274,13.8125],[120.6273,13.8125],[120.6273,13.8126],[120.6271,13.8126],[120.6271,13.8127],[120.6272,13.8127],[120.6272,13.8128],[120.6274,13.8128],[120.6274,13.8132]]]}},
{"type":"Feature","properties":{"ClassID":1},"geometry":{"type":"Polygon","coordinates":[[[120.6249,13.8092],[120.625,13.8092],[120.625,13.8091],[120.6251,13.8091],[120.6251,13.8089],[120.625,13.8089],[120.625,13.809],[120.6249,13.809],[120.6249,13.8092]]]}},
{"type":"Feature","properties":{"ClassID":1},"geometry":{"type":"Polygon","coordinates":[[[120.6256,13.8102],[120.6257,13.8102],[120.6257,13.8101],[120.6259,13.8101],[120.6259,13.81],[120.626,13.81],[120.626,13.8099],[120.6261,13.8099],[120.6261,13.8098],[120.6262,13.8098],[120.6262,13.8097],[120.6263,13.8097],[120.6263,13.8096],[120.6264,13.8096],[120.6264,13.8097],[120.6265,13.8097],[120.6265,13.8094],[120.6266,13.8094],[120.6266,13.8093],[120.6262,13.8093],[120.6262,13.8092],[120.6261,13.8092],[120.6261,13.8091],[120.626,13.8091],[120.626,13.8089],[120.6257,13.8089],[120.6257,13.809],[120.6256,13.809],[120.6256,13.8091],[120.6253,13.8091],[120.6253,13.8092],[120.6251,13.8092],[120.6251,13.8098],[120.6252,13.8098],[120.6252,13.8099],[120.6253,13.8099],[120.6253,13.81],[120.6254,13.81],[120.6254,13.8101],[120.6256,13.8101],[120.6256,13.8102]]]}},
{"type":"Feature","properties":{"ClassID":1},"geometry":{"type":"Polygon","coordinates":[[[120.6135,13.9442],[120.6137,13.9442],[120.6137,13.9441],[120.6139,13.9441],[120.6139,13.944],[120.614,13.944],[120.614,13.9438],[120.6145,13.9438],[120.6145,13.9435],[120.6144,13.9435],[120.6144,13.9432],[120.6143,13.9432],[120.6143,13.9429],[120.6142,13.9429],[120.6142,13.9427],[120.6141,13.9427],[120.6141,13.9426],[120.6139,13.9426],[120.6139,13.9425],[120.6137,13.9425],[120.6137,13.9424],[120.6135,13.9424],[120.6135,13.9421],[120.6134,13.9421],[120.6134,13.9417],[120.6135,13.9417],[120.6135,13.9416],[120.6134,13.9416],[120.6134,13.9414],[120.6135,13.9414],[120.6135,13.941],[120.6136,13.941],[120.6136,13.9408],[120.6137,13.9408],[120.6137,13.9406],[120.6138,13.9406],[120.6138,13.9405],[120.6139,13.9405],[120.6139,13.94],[120.614,13.94],[120.614,13.9399],[120.6141,13.9399],[120.6141,13.9398],[120.6144,13.9398],[120.6144,13.9399],[120.6145,13.9399],[120.6145,13.9398],[120.6146,13.9398],[120.6146,13.9399],[120.6148,13.9399],[120.6148,13.9397],[120.615,13.9397],[120.615,13.9396],[120.6152,13.9396],[120.6152,13.9395],[120.6153,13.9395],[120.6153,13.9394],[120.6155,13.9394],[120.6155,13.9393],[120.6158,13.9393],[120.6158,13.9391],[120.6159,13.9391],[120.6159,13.939],[120.616,13.939],[120.616,13.9388],[120.6159,13.9388],[120.6159,13.9386],[120.6158,13.9386],[120.6158,13.9388],[120.6155,13.9388],[120.6155,13.9387],[120.6154,13.9387],[120.6154,13.9386],[120.6145,13.9386],[120.6145,13.9385],[120.6144,13.9385],[120.6144,13.9384],[120.6138,13.9384],[120.6138,13.9385],[120.6136,13.9385],[120.6136,13.9386],[120.6135,13.9386],[120.6135,13.9387],[120.6134,13.9387],[120.6134,13.939],[120.6132,13.939],[120.6132,13.9391],[120.6131,13.9391],[120.6131,13.9392],[120.6128,13.9392],[120.6128,13.9393],[120.6127,13.9393],[120.6127,13.9394],[120.6125,13.9394],[120.6125,13.9395],[120.6124,13.9395],[120.6124,13.9401],[120.6125,13.9401],[120.6125,13.9402],[120.6126,13.9402],[120.6126,13.9405],[120.6128,13.9405],[120.6128,13.9406],[120.613,13.9406],[120.613,13.9413],[120.6129,13.9413],[120.6129,13.9416],[120.6128,13.9416],[120.6128,13.9428],[120.6129,13.9428],[120.6129,13.943],[120.613,13.943],[120.613,13.9432],[120.6131,13.9432],[120.6131,13.9434],[120.6132,13.9434],[120.6132,13.9436],[120.6133,13.9436],[120.6133,13.9437],[120.6134,13.9437],[120.6134,13.9439],[120.6135,13.9439],[120.6135,13.9442]]]}},
{"type":"Feature","properties":{"ClassID":1},"geometry":{"type":"Polygon","coordinates":[[[120.7273,13.9301],[120.7274,13.9301],[120.7274,13.9299],[120.7275,13.9299],[120.7275,13.9298],[120.7274,13.9298],[120.7274,13.9297],[120.7273,13.9297],[120.7273,13.9301]]]}},
{"type":"Feature","properties":{"ClassID":1},"geometry":{"type":"Polygon","coordinates":[[[120.7275,13.9297],[120.7276,13.9297],[120.7276,13.9296],[120.7279,13.9296],[120.7279,13.9297],[120.728,13.9297],[120.728,13.9296],[120.7281,13.9296],[120.7281,13.9294],[120.7283,13.9294],[120.7283,13.9293],[120.7282,13.9293],[120.7282,13.9288],[120.7283,13.9288],[120.7283,13.9285],[120.7284,13.9285],[120.7284,13.9281],[120.7283,13.9281],[120.7283,13.9282],[120.7282,13.9282],[120.7282,13.9284],[120.7281,13.9284],[120.7281,13.9286],[120.728,13.9286],[120.728,13.9288],[120.7279,13.9288],[120.7279,13.9289],[120.7278,13.9289],[120.7278,13.929],[120.7277,13.929],[120.7277,13.9293],[120.7276,13.9293],[120.7276,13.9295],[120.7275,13.9295],[120.7275,13.9297]]]}},
{"type":"Feature","properties":{"ClassID":1},"geometry":{"type":"Polygon","coordinates":[[[120.6207,13.9246],[120.6208,13.9246],[120.6208,13.9244],[120.6209,13.9244],[120.6209,13.9242],[120.621,13.9242],[120.621,13.924],[120.6211,13.924],[120.6211,13.9239],[120.6212,13.9239],[120.6212,13.9241],[120.6213,13.9241],[120.6213,13.9239],[120.6214,13.9239],[120.6214,13.9238],[120.6213,13.9238],[120.6213,13.9237],[120.621,13.9237],[120.621,13.9238],[120.6209,13.9238],[120.6209,13.9237],[120.6207,13.9237],[120.6207,13.9238],[120.6205,13.9238],[120.6205,13.9237],[120.6204,13.9237],[120.6204,13.9236],[120.6205,13.9236],[120.6205,13.9234],[120.6204,13.9234],[120.6204,13.9232],[120.6206,13.9232],[120.6206,13.923],[120.6207,13.923],[120.6207,13.9228],[120.6206,13.9228],[120.6206,13.9227],[120.6207,13.9227],[120.6207,13.9226],[120.6209,13.9226],[120.6209,13.9225],[120.6211,13.9225],[120.6211,13.9224],[120.6213,13.9224],[120.6213,13.9222],[120.6214,13.9222],[120.6214,13.9221],[120.6215,13.9221],[120.6215,13.9219],[120.6216,13.9219],[120.6216,13.9217],[120.6217,13.9217],[120.6217,13.9216],[120.6219,13.9216],[120.6219,13.9214],[120.622,13.9214],[120.622,13.9211],[120.6219,13.9211],[120.6219,13.9208],[120.622,13.9208],[120.622,13.9207],[120.6221,13.9207],[120.6221,13.9204],[120.6223,13.9204],[120.6223,13.9203],[120.6224,13.9203],[120.6224,13.9202],[120.6223,13.9202],[120.6223,13.92],[120.6222,13.92],[120.6222,13.9197],[120.622,13.9197],[120.622,13.9196],[120.6219,13.9196],[120.6219,13.9197],[120.6217,13.9197],[120.6217,13.9198],[120.6215,13.9198],[120.6215,13.9199],[120.6209,13.9199],[120.6209,13.9198],[120.6207,13.9198],[120.6207,13.9199],[120.6208,13.9199],[120.6208,13.92],[120.6207,13.92],[120.6207,13.9201],[120.6206,13.9201],[120.6206,13.9202],[120.6205,13.9202],[120.6205,13.9203],[120.6204,13.9203],[120.6204,13.9205],[120.6203,13.9205],[120.6203,13.9206],[120.6201,13.9206],[120.6201,13.9209],[120.6202,13.9209],[120.6202,13.9213],[120.6201,13.9213],[120.6201,13.9214],[120.62,13.9214],[120.62,13.9215],[120.6199,13.9215],[120.6199,13.9214],[120.6195,13.9214],[120.6195,13.9215],[120.6193,13.9215],[120.6193,13.9216],[120.6192,13.9216],[120.6192,13.9217],[120.6191,13.9217],[120.6191,13.9218],[120.619,13.9218],[120.619,13.922],[120.6188,13.922],[120.6188,13.9221],[120.6185,13.9221],[120.6185,13.9222],[120.6183,13.9222],[120.6183,13.9223],[120.6182,13.9223],[120.6182,13.9224],[120.6181,13.9224],[120.6181,13.9226],[120.618,13.9226],[120.618,13.9233],[120.6183,13.9233],[120.6183,13.9232],[120.6184,13.9232],[120.6184,13.9234],[120.6185,13.9234],[120.6185,13.9236],[120.6186,13.9236],[120.6186,13.9237],[120.6194,13.9237],[120.6194,13.9238],[120.6197,13.9238],[120.6197,13.9239],[120.6198,13.9239],[120.6198,13.924],[120.6203,13.924],[120.6203,13.9239],[120.6204,13.9239],[120.6204,13.924],[120.6205,13.924],[120.6205,13.9241],[120.6206,13.9241],[120.6206,13.9242],[120.6207,13.9242],[120.6207,13.9246]]]}},
{"type":"Feature","properties":{"ClassID":1},"geometry":{"type":"Polygon","coordinates":[[[120.6214,13.9228],[120.6215,13.9228],[120.6215,13.9225],[120.6214,13.9225],[120.6214,13.9228]]]}},
{"type":"Feature","properties":{"ClassID":1},"geometry":{"type":"Polygon","coordinates":[[[120.6204,13.9198],[120.6205,13.9198],[120.6205,13.9197],[120.6206,13.9197],[120.6206,13.9198],[120.6207,13.9198],[120.6207,13.9196],[120.621,13.9196],[120.621,13.9195],[120.6212,13.9195],[120.6212,13.9194],[120.6214,13.9194],[120.6214,13.9193],[120.6216,13.9193],[120.6216,13.9192],[120.6215,13.9192],[120.6215,13.9188],[120.6214,13.9188],[120.6214,13.9187],[120.6215,13.9187],[120.6215,13.9186],[120.6214,13.9186],[120.6214,13.9185],[120.6216,13.9185],[120.6216,13.9184],[120.6215,13.9184],[120.6215,13.918],[120.6216,13.918],[120.6216,13.9178],[120.6215,13.9178],[120.6215,13.9177],[120.6212,13.9177],[120.6212,13.9176],[120.6211,13.9176],[120.6211,13.9177],[120.621,13.9177],[120.621,13.9176],[120.6209,13.9176],[120.6209,13.9177],[120.6202,13.9177],[120.6202,13.9176],[120.62,13.9176],[120.62,13.9179],[120.6199,13.9179],[120.6199,13.918],[120.62,13.918],[120.62,13.9181],[120.6199,13.9181],[120.6199,13.9182],[120.6198,13.9182],[120.6198,13.9183],[120.6197,13.9183],[120.6197,13.9185],[120.6196,13.9185],[120.6196,13.9186],[120.6195,13.9186],[120.6195,13.919],[120.6196,13.919],[120.6196,13.9189],[120.6197,13.9189],[120.6197,13.919],[120.6198,13.919],[120.6198,13.9191],[120.6197,13.9191],[120.6197,13.9192],[120.6198,13.9192],[120.6198,13.9195],[120.6201,13.9195],[120.6201,13.9196],[120.6203,13.9196],[120.6203,13.9197],[120.6204,13.9197],[120.6204,13.9198]],[[120.6208,13.9183],[120.6208,13.9182],[120.6209,13.9182],[120.6209,13.9183],[120.6208,13.9183]]]}},
{"type":"Feature","properties":{"ClassID":1},"geometry":{"type":"Polygon","coordinates":[[[120.6228,13.9212],[120.6229,13.9212],[120.6229,13.9209],[120.623,13.9209],[120.623,13.9208],[120.6233,13.9208],[120.6233,13.9207],[120.6229,13.9207],[120.6229,13.9206],[120.6233,13.9206],[120.6233,13.9205],[120.6234,13.9205],[120.6234,13.9204],[120.6237,13.9204],[120.6237,13.9201],[120.6236,13.9201],[120.6236,13.9202],[120.6234,13.9202],[120.6234,13.9201],[120.6233,13.9201],[120.6233,13.92],[120.6232,13.92],[120.6232,13.9201],[120.6231,13.9201],[120.6231,13.9199],[120.623,13.9199],[120.623,13.9202],[120.6229,13.9202],[120.6229,13.9203],[120.6231,13.9203],[120.6231,13.9204],[120.6228,13.9204],[120.6228,13.9205],[120.6227,13.9205],[120.6227,13.9204],[120.6226,13.9204],[120.6226,13.9203],[120.6224,13.9203],[120.6224,13.9204],[120.6225,13.9204],[120.6225,13.9206],[120.6226,13.9206],[120.6226,13.9207],[120.6227,13.9207],[120.6227,13.9209],[120.6228,13.9209],[120.6228,13.9212]]]}},
{"type":"Feature","properties":{"ClassID":1},"geometry":{"type":"Polygon","coordinates":[[[120.6235,13.9199],[120.6236,13.9199],[120.6236,13.9196],[120.6235,13.9196],[120.6235,13.9197],[120.6234,13.9197],[120.6234,13.9198],[120.6235,13.9198],[120.6235,13.9199]]]}},
{"type":"Feature","properties":{"ClassID":1},"geometry":{"type":"Polygon","coordinates":[[[120.6225,13.9109],[120.6226,13.9109],[120.6226,13.9108],[120.6227,13.9108],[120.6227,13.9106],[120.6226,13.9106],[120.6226,13.9107],[120.6225,13.9107],[120.6225,13.9109]]]}},
{"type":"Feature","properties":{"ClassID":1},"geometry":{"type":"Polygon","coordinates":[[[120.6227,13.9104],[120.6228,13.9104],[120.6228,13.9097],[120.6229,13.9097],[120.6229,13.9094],[120.623,13.9094],[120.623,13.9092],[120.6228,13.9092],[120.6228,13.9094],[120.6227,13.9094],[120.6227,13.9104]]]}},
{"type":"Feature","properties":{"ClassID":1},"geometry":{"type":"Polygon","coordinates":[[[120.623,13.9086],[120.6231,13.9086],[120.6231,13.9085],[120.6232,13.9085],[120.6232,13.9084],[120.623,13.9084],[120.623,13.9086]]]}},
{"type":"Feature","properties":{"ClassID":1},"geometry":{"type":"Polygon","coordinates":[[[120.6198,13.913],[120.62,13.913],[120.62,13.9129],[120.6199,13.9129],[120.6199,13.9128],[120.6197,13.9128],[120.6197,13.9129],[120.6198,13.9129],[120.6198,13.913]]]}},
{"type":"Feature","properties":{"ClassID":1},"geometry":{"type":"Polygon","coordinates":[[[120.62,13.9124],[120.6202,13.9124],[120.6202,13.9123],[120.6204,13.9123],[120.6204,13.9124],[120.6205,13.9124],[120.6205,13.9123],[120.6207,13.9123],[120.6207,13.9122],[120.6208,13.9122],[120.6208,13.912],[120.6205,13.912],[120.6205,13.9119],[120.6201,13.9119],[120.6201,13.9121],[120.62,13.9121],[120.62,13.9124]]]}},
{"type":"Feature","properties":{"ClassID":1},"geometry":{"type":"Polygon","coordinates":[[[120.6235,13.9076],[120.6236,13.9076],[120.6236,13.9073],[120.6237,13.9073],[120.6237,13.9072],[120.6238,13.9072],[120.6238,13.9069],[120.6239,13.9069],[120.6239,13.9067],[120.624,13.9067],[120.624,13.9062],[120.6241,13.9062],[120.6241,13.906],[120.624,13.906],[120.624,13.9061],[120.6239,13.9061],[120.6239,13.9062],[120.6238,13.9062],[120.6238,13.9065],[120.6237,13.9065],[120.6237,13.9068],[120.6236,13.9068],[120.6236,13.9069],[120.6235,13.9069],[120.6235,13.9071],[120.6234,13.9071],[120.6234,13.9075],[120.6235,13.9075],[120.6235,13.9076]]]}},
{"type":"Feature","properties":{"ClassID":1},"geometry":{"type":"Polygon","coordinates":[[[120.6193,13.9073],[120.6194,13.9073],[120.6194,13.9071],[120.6196,13.9071],[120.6196,13.9065],[120.6195,13.9065],[120.6195,13.9064],[120.6194,13.9064],[120.6194,13.9063],[120.6191,13.9063],[120.6191,13.9062],[120.619,13.9062],[120.619,13.9063],[120.6188,13.9063],[120.6188,13.9064],[120.6185,13.9064],[120.6185,13.9065],[120.6184,13.9065],[120.6184,13.9062],[120.6185,13.9062],[120.6185,13.9061],[120.6184,13.9061],[120.6184,13.9059],[120.6182,13.9059],[120.6182,13.9057],[120.6174,13.9057],[120.6174,13.9058],[120.6173,13.9058],[120.6173,13.9059],[120.6171,13.9059],[120.6171,13.906],[120.6168,13.906],[120.6168,13.9061],[120.6167,13.9061],[120.6167,13.9062],[120.6163,13.9062],[120.6163,13.906],[120.6162,13.906],[120.6162,13.9059],[120.6157,13.9059],[120.6157,13.9058],[120.6156,13.9058],[120.6156,13.9059],[120.6153,13.9059],[120.6153,13.906],[120.6151,13.906],[120.6151,13.9061],[120.6152,13.9061],[120.6152,13.9065],[120.6154,13.9065],[120.6154,13.9067],[120.6155,13.9067],[120.6155,13.9066],[120.616,13.9066],[120.616,13.9068],[120.6164,13.9068],[120.6164,13.9069],[120.6166,13.9069],[120.6166,13.9068],[120.6167,13.9068],[120.6167,13.9067],[120.6171,13.9067],[120.6171,13.9068],[120.6172,13.9068],[120.6172,13.9069],[120.6174,13.9069],[120.6174,13.907],[120.6177,13.907],[120.6177,13.9071],[120.6178,13.9071],[120.6178,13.907],[120.6181,13.907],[120.6181,13.9069],[120.6183,13.9069],[120.6183,13.9068],[120.6184,13.9068],[120.6184,13.9067],[120.6185,13.9067],[120.6185,13.9068],[120.6186,13.9068],[120.6186,13.907],[120.6188,13.907],[120.6188,13.9071],[120.619,13.9071],[120.619,13.9072],[120.6193,13.9072],[120.6193,13.9073]],[[120.6182,13.9067],[120.6182,13.9066],[120.6183,13.9066],[120.6183,13.9067],[120.6182,13.9067]]]}},
{"type":"Feature","properties":{"ClassID":1},"geometry":{"type":"Polygon","coordinates":[[[120.6236,13.9048],[120.6237,13.9048],[120.6237,13.9036],[120.6238,13.9036],[120.6238,13.9032],[120.6237,13.9032],[120.6237,13.9031],[120.6236,13.9031],[120.6236,13.9029],[120.6234,13.9029],[120.6234,13.9028],[120.6233,13.9028],[120.6233,13.9027],[120.6232,13.9027],[120.6232,13.9026],[120.6228,13.9026],[120.6228,13.9025],[120.6229,13.9025],[120.6229,13.9024],[120.6226,13.9024],[120.6226,13.9023],[120.6224,13.9023],[120.6224,13.9024],[120.6225,13.9024],[120.6225,13.9025],[120.6227,13.9025],[120.6227,13.9027],[120.6228,13.9027],[120.6228,13.9029],[120.6229,13.9029],[120.6229,13.9034],[120.623,13.9034],[120.623,13.9035],[120.6232,13.9035],[120.6232,13.9037],[120.6231,13.9037],[120.6231,13.9038],[120.6232,13.9038],[120.6232,13.9039],[120.6233,13.9039],[120.6233,13.904],[120.6234,13.904],[120.6234,13.9043],[120.6235,13.9043],[120.6235,13.9045],[120.6234,13.9045],[120.6234,13.9047],[120.6236,13.9047],[120.6236,13.9048]]]}},
{"type":"Feature","properties":{"ClassID":1},"geometry":{"type":"Polygon","coordinates":[[[120.6253,13.8992],[120.6256,13.8992],[120.6256,13.8991],[120.6259,13.8991],[120.6259,13.899],[120.626,13.899],[120.626,13.8989],[120.6263,13.8989],[120.6263,13.8987],[120.6265,13.8987],[120.6265,13.8985],[120.6266,13.8985],[120.6266,13.898],[120.6264,13.898],[120.6264,13.8978],[120.6265,13.8978],[120.6265,13.8976],[120.6266,13.8976],[120.6266,13.8975],[120.6267,13.8975],[120.6267,13.8976],[120.6268,13.8976],[120.6268,13.8978],[120.6269,13.8978],[120.6269,13.898],[120.6272,13.898],[120.6272,13.8979],[120.6273,13.8979],[120.6273,13.898],[120.6277,13.898],[120.6277,13.8979],[120.6278,13.8979],[120.6278,13.8978],[120.6279,13.8978],[120.6279,13.8976],[120.628,13.8976],[120.628,13.8975],[120.6279,13.8975],[120.6279,13.8973],[120.6278,13.8973],[120.6278,13.8972],[120.6279,13.8972],[120.6279,13.8968],[120.6278,13.8968],[120.6278,13.8967],[120.6279,13.8967],[120.6279,13.8965],[120.6278,13.8965],[120.6278,13.8964],[120.6277,13.8964],[120.6277,13.8961],[120.6276,13.8961],[120.6276,13.896],[120.6275,13.896],[120.6275,13.8959],[120.6273,13.8959],[120.6273,13.8958],[120.627,13.8958],[120.627,13.8957],[120.6265,13.8957],[120.6265,13.8958],[120.6264,13.8958],[120.6264,13.8957],[120.6263,13.8957],[120.6263,13.8954],[120.6261,13.8954],[120.6261,13.8952],[120.6259,13.8952],[120.6259,13.895],[120.6258,13.895],[120.6258,13.8949],[120.6257,13.8949],[120.6257,13.8947],[120.6256,13.8947],[120.6256,13.8945],[120.6255,13.8945],[120.6255,13.8944],[120.6249,13.8944],[120.6249,13.8943],[120.6244,13.8943],[120.6244,13.8942],[120.624,13.8942],[120.624,13.8941],[120.6235,13.8941],[120.6235,13.8942],[120.6236,13.8942],[120.6236,13.8943],[120.6237,13.8943],[120.6237,13.8944],[120.6239,13.8944],[120.6239,13.8945],[120.6241,13.8945],[120.6241,13.8946],[120.6244,13.8946],[120.6244,13.8947],[120.6245,13.8947],[120.6245,13.8948],[120.6246,13.8948],[120.6246,13.8949],[120.6247,13.8949],[120.6247,13.895],[120.625,13.895],[120.625,13.8951],[120.6251,13.8951],[120.6251,13.8954],[120.6252,13.8954],[120.6252,13.8955],[120.6253,13.8955],[120.6253,13.8956],[120.6255,13.8956],[120.6255,13.8958],[120.6254,13.8958],[120.6254,13.896],[120.6253,13.896],[120.6253,13.8961],[120.6252,13.8961],[120.6252,13.8963],[120.6253,13.8963],[120.6253,13.8965],[120.6252,13.8965],[120.6252,13.8966],[120.6253,13.8966],[120.6253,13.8969],[120.6251,13.8969],[120.6251,13.897],[120.6248,13.897],[120.6248,13.8971],[120.6246,13.8971],[120.6246,13.8973],[120.6247,13.8973],[120.6247,13.8975],[120.6248,13.8975],[120.6248,13.8978],[120.6241,13.8978],[120.6241,13.8977],[120.624,13.8977],[120.624,13.8979],[120.6241,13.8979],[120.6241,13.8981],[120.6242,13.8981],[120.6242,13.898],[120.6245,13.898],[120.6245,13.8981],[120.6247,13.8981],[120.6247,13.8982],[120.6246,13.8982],[120.6246,13.8987],[120.6245,13.8987],[120.6245,13.8988],[120.6244,13.8988],[120.6244,13.8989],[120.6243,13.8989],[120.6243,13.899],[120.6247,13.899],[120.6247,13.8991],[120.6253,13.8991],[120.6253,13.8992]],[[120.6267,13.8959],[120.6267,13.8958],[120.6268,13.8958],[120.6268,13.8959],[120.6267,13.8959]]]}},
{"type":"Feature","properties":{"ClassID":1},"geometry":{"type":"Polygon","coordinates":[[[120.6168,13.8868],[120.6172,13.8868],[120.6172,13.8867],[120.6173,13.8867],[120.6173,13.8866],[120.6174,13.8866],[120.6174,13.8865],[120.6175,13.8865],[120.6175,13.8862],[120.6176,13.8862],[120.6176,13.8861],[120.6177,13.8861],[120.6177,13.886],[120.6178,13.886],[120.6178,13.8853],[120.6179,13.8853],[120.6179,13.8852],[120.6178,13.8852],[120.6178,13.8851],[120.6177,13.8851],[120.6177,13.8849],[120.6174,13.8849],[120.6174,13.8848],[120.6171,13.8848],[120.6171,13.8847],[120.617,13.8847],[120.617,13.8848],[120.6168,13.8848],[120.6168,13.8849],[120.6167,13.8849],[120.6167,13.885],[120.6165,13.885],[120.6165,13.8851],[120.6161,13.8851],[120.6161,13.8854],[120.6162,13.8854],[120.6162,13.8856],[120.6163,13.8856],[120.6163,13.8858],[120.6161,13.8858],[120.6161,13.8859],[120.6162,13.8859],[120.6162,13.886],[120.6164,13.886],[120.6164,13.8861],[120.6165,13.8861],[120.6165,13.8862],[120.6166,13.8862],[120.6166,13.8864],[120.6167,13.8864],[120.6167,13.8866],[120.6168,13.8866],[120.6168,13.8868]],[[120.617,13.8857],[120.617,13.8856],[120.6169,13.8856],[120.6169,13.8854],[120.617,13.8854],[120.617,13.8852],[120.6172,13.8852],[120.6172,13.8856],[120.6171,13.8856],[120.6171,13.8857],[120.617,13.8857]]]}},
{"type":"Feature","properties":{"ClassID":1},"geometry":{"type":"Polygon","coordinates":[[[120.6201,13.8915],[120.6205,13.8915],[120.6205,13.8914],[120.6207,13.8914],[120.6207,13.8912],[120.6208,13.8912],[120.6208,13.8911],[120.6209,13.8911],[120.6209,13.8909],[120.6208,13.8909],[120.6208,13.8906],[120.6207,13.8906],[120.6207,13.8904],[120.6205,13.8904],[120.6205,13.8903],[120.6204,13.8903],[120.6204,13.8902],[120.6201,13.8902],[120.6201,13.8901],[120.6197,13.8901],[120.6197,13.89],[120.6196,13.89],[120.6196,13.8899],[120.6195,13.8899],[120.6195,13.8898],[120.6194,13.8898],[120.6194,13.8894],[120.6193,13.8894],[120.6193,13.8891],[120.6191,13.8891],[120.6191,13.889],[120.619,13.889],[120.619,13.8887],[120.6189,13.8887],[120.6189,13.8886],[120.6188,13.8886],[120.6188,13.8885],[120.6187,13.8885],[120.6187,13.8883],[120.6186,13.8883],[120.6186,13.888],[120.6187,13.888],[120.6187,13.8878],[120.6188,13.8878],[120.6188,13.8876],[120.6191,13.8876],[120.6191,13.8875],[120.6192,13.8875],[120.6192,13.8872],[120.6194,13.8872],[120.6194,13.8871],[120.6195,13.8871],[120.6195,13.8864],[120.6196,13.8864],[120.6196,13.886],[120.6194,13.886],[120.6194,13.8859],[120.6193,13.8859],[120.6193,13.886],[120.6192,13.886],[120.6192,13.8859],[120.6191,13.8859],[120.6191,13.8856],[120.6192,13.8856],[120.6192,13.8853],[120.6194,13.8853],[120.6194,13.8848],[120.6193,13.8848],[120.6193,13.8846],[120.6192,13.8846],[120.6192,13.8841],[120.6191,13.8841],[120.6191,13.884],[120.619,13.884],[120.619,13.8834],[120.6188,13.8834],[120.6188,13.8829],[120.6187,13.8829],[120.6187,13.8812],[120.6186,13.8812],[120.6186,13.881],[120.6176,13.881],[120.6176,13.8811],[120.6174,13.8811],[120.6174,13.8813],[120.6173,13.8813],[120.6173,13.8815],[120.6172,13.8815],[120.6172,13.8817],[120.617,13.8817],[120.617,13.8818],[120.6169,13.8818],[120.6169,13.8819],[120.6168,13.8819],[120.6168,13.882],[120.6167,13.882],[120.6167,13.8821],[120.6166,13.8821],[120.6166,13.8823],[120.6165,13.8823],[120.6165,13.8824],[120.6166,13.8824],[120.6166,13.8825],[120.6167,13.8825],[120.6167,13.8826],[120.6168,13.8826],[120.6168,13.8827],[120.6173,13.8827],[120.6173,13.8826],[120.6174,13.8826],[120.6174,13.8824],[120.6175,13.8824],[120.6175,13.8821],[120.6176,13.8821],[120.6176,13.882],[120.6177,13.882],[120.6177,13.8818],[120.6179,13.8818],[120.6179,13.8824],[120.618,13.8824],[120.618,13.8825],[120.6181,13.8825],[120.6181,13.8828],[120.6182,13.8828],[120.6182,13.8829],[120.6181,13.8829],[120.6181,13.8833],[120.6182,13.8833],[120.6182,13.8839],[120.6183,13.8839],[120.6183,13.8842],[120.6184,13.8842],[120.6184,13.8846],[120.6185,13.8846],[120.6185,13.8848],[120.6186,13.8848],[120.6186,13.885],[120.6187,13.885],[120.6187,13.8852],[120.6188,13.8852],[120.6188,13.8856],[120.6187,13.8856],[120.6187,13.8857],[120.6186,13.8857],[120.6186,13.8861],[120.6187,13.8861],[120.6187,13.8865],[120.6186,13.8865],[120.6186,13.8866],[120.6187,13.8866],[120.6187,13.8867],[120.6186,13.8867],[120.6186,13.887],[120.6185,13.887],[120.6185,13.8871],[120.6184,13.8871],[120.6184,13.8872],[120.6183,13.8872],[120.6183,13.8878],[120.6182,13.8878],[120.6182,13.888],[120.6183,13.888],[120.6183,13.8884],[120.6184,13.8884],[120.6184,13.8886],[120.6185,13.8886],[120.6185,13.8889],[120.6186,13.8889],[120.6186,13.8891],[120.6187,13.8891],[120.6187,13.8893],[120.6188,13.8893],[120.6188,13.8896],[120.6189,13.8896],[120.6189,13.8902],[120.619,13.8902],[120.619,13.8903],[120.6191,13.8903],[120.6191,13.8904],[120.6192,13.8904],[120.6192,13.8905],[120.6193,13.8905],[120.6193,13.8907],[120.6194,13.8907],[120.6194,13.8909],[120.6195,13.8909],[120.6195,13.891],[120.6197,13.891],[120.6197,13.8911],[120.6198,13.8911],[120.6198,13.8912],[120.6199,13.8912],[120.6199,13.8913],[120.62,13.8913],[120.62,13.8914],[120.6201,13.8914],[120.6201,13.8915]]]}},
{"type":"Feature","properties":{"ClassID":1},"geometry":{"type":"Polygon","coordinates":[[[120.6978,13.8906],[120.6979,13.8906],[120.6979,13.8905],[120.698,13.8905],[120.698,13.8902],[120.6981,13.8902],[120.6981,13.8901],[120.6982,13.8901],[120.6982,13.8898],[120.6983,13.8898],[120.6983,13.8897],[120.6985,13.8897],[120.6985,13.8896],[120.6987,13.8896],[120.6987,13.8895],[120.6983,13.8895],[120.6983,13.8894],[120.6982,13.8894],[120.6982,13.8895],[120.6981,13.8895],[120.6981,13.8898],[120.698,13.8898],[120.698,13.8899],[120.6979,13.8899],[120.6979,13.8901],[120.6978,13.8901],[120.6978,13.8902],[120.6979,13.8902],[120.6979,13.8903],[120.6977,13.8903],[120.6977,13.8904],[120.6978,13.8904],[120.6978,13.8906]]]}},
{"type":"Feature","properties":{"ClassID":1},"geometry":{"type":"Polygon","coordinates":[[[120.6992,13.888],[120.6993,13.888],[120.6993,13.8875],[120.6994,13.8875],[120.6994,13.8873],[120.6995,13.8873],[120.6995,13.8866],[120.6996,13.8866],[120.6996,13.8865],[120.6997,13.8865],[120.6997,13.8864],[120.6998,13.8864],[120.6998,13.8862],[120.6999,13.8862],[120.6999,13.8861],[120.7,13.8861],[120.7,13.886],[120.6999,13.886],[120.6999,13.8859],[120.7,13.8859],[120.7,13.8858],[120.7001,13.8858],[120.7001,13.8857],[120.7002,13.8857],[120.7002,13.8855],[120.7003,13.8855],[120.7003,13.8848],[120.7005,13.8848],[120.7005,13.8846],[120.7006,13.8846],[120.7006,13.8845],[120.7007,13.8845],[120.7007,13.8844],[120.7008,13.8844],[120.7008,13.8842],[120.7009,13.8842],[120.7009,13.8841],[120.7013,13.8841],[120.7013,13.884],[120.7015,13.884],[120.7015,13.8838],[120.7016,13.8838],[120.7016,13.8834],[120.7017,13.8834],[120.7017,13.8832],[120.7018,13.8832],[120.7018,13.883],[120.7019,13.883],[120.7019,13.8829],[120.7021,13.8829],[120.7021,13.8828],[120.7023,13.8828],[120.7023,13.8827],[120.7026,13.8827],[120.7026,13.8826],[120.7028,13.8826],[120.7028,13.8825],[120.7032,13.8825],[120.7032,13.8824],[120.7035,13.8824],[120.7035,13.8821],[120.7036,13.8821],[120.7036,13.8819],[120.7037,13.8819],[120.7037,13.8818],[120.7038,13.8818],[120.7038,13.8817],[120.704,13.8817],[120.704,13.8816],[120.7041,13.8816],[120.7041,13.8815],[120.7042,13.8815],[120.7042,13.8814],[120.7043,13.8814],[120.7043,13.8813],[120.7046,13.8813],[120.7046,13.8812],[120.7047,13.8812],[120.7047,13.8811],[120.7048,13.8811],[120.7048,13.881],[120.7049,13.881],[120.7049,13.8809],[120.705,13.8809],[120.705,13.8808],[120.7051,13.8808],[120.7051,13.8807],[120.7054,13.8807],[120.7054,13.8806],[120.7058,13.8806],[120.7058,13.8805],[120.7061,13.8805],[120.7061,13.8804],[120.7063,13.8804],[120.7063,13.8803],[120.7065,13.8803],[120.7065,13.8802],[120.7066,13.8802],[120.7066,13.8801],[120.7068,13.8801],[120.7068,13.88],[120.7072,13.88],[120.7072,13.8799],[120.7073,13.8799],[120.7073,13.8798],[120.7076,13.8798],[120.7076,13.8797],[120.7079,13.8797],[120.7079,13.8796],[120.708,13.8796],[120.708,13.8795],[120.7079,13.8795],[120.7079,13.8794],[120.7078,13.8794],[120.7078,13.8795],[120.7077,13.8795],[120.7077,13.8796],[120.7076,13.8796],[120.7076,13.8795],[120.7073,13.8795],[120.7073,13.8793],[120.7074,13.8793],[120.7074,13.8791],[120.7073,13.8791],[120.7073,13.879],[120.7068,13.879],[120.7068,13.8791],[120.7067,13.8791],[120.7067,13.8792],[120.7064,13.8792],[120.7064,13.8793],[120.7063,13.8793],[120.7063,13.8792],[120.7061,13.8792],[120.7061,13.8791],[120.7058,13.8791],[120.7058,13.8789],[120.7057,13.8789],[120.7057,13.879],[120.7052,13.879],[120.7052,13.8791],[120.7051,13.8791],[120.7051,13.8792],[120.705,13.8792],[120.705,13.8797],[120.7049,13.8797],[120.7049,13.8798],[120.7047,13.8798],[120.7047,13.88],[120.7046,13.88],[120.7046,13.8801],[120.7045,13.8801],[120.7045,13.8802],[120.7044,13.8802],[120.7044,13.8803],[120.7043,13.8803],[120.7043,13.8806],[120.7041,13.8806],[120.7041,13.8808],[120.704,13.8808],[120.704,13.881],[120.7039,13.881],[120.7039,13.8813],[120.7038,13.8813],[120.7038,13.8814],[120.7037,13.8814],[120.7037,13.8815],[120.7033,13.8815],[120.7033,13.8814],[120.7031,13.8814],[120.7031,13.8813],[120.703,13.8813],[120.703,13.8812],[120.7029,13.8812],[120.7029,13.8813],[120.7028,13.8813],[120.7028,13.8816],[120.7025,13.8816],[120.7025,13.8817],[120.7024,13.8817],[120.7024,13.8818],[120.7022,13.8818],[120.7022,13.8824],[120.7021,13.8824],[120.7021,13.8825],[120.7019,13.8825],[120.7019,13.8826],[120.7015,13.8826],[120.7015,13.8825],[120.7013,13.8825],[120.7013,13.8826],[120.7012,13.8826],[120.7012,13.8831],[120.7011,13.8831],[120.7011,13.8832],[120.701,13.8832],[120.701,13.8833],[120.7008,13.8833],[120.7008,13.8834],[120.7007,13.8834],[120.7007,13.8836],[120.7006,13.8836],[120.7006,13.8838],[120.7005,13.8838],[120.7005,13.8839],[120.7003,13.8839],[120.7003,13.884],[120.7002,13.884],[120.7002,13.8846],[120.7001,13.8846],[120.7001,13.885],[120.7,13.885],[120.7,13.8851],[120.7001,13.8851],[120.7001,13.8852],[120.6999,13.8852],[120.6999,13.8853],[120.6998,13.8853],[120.6998,13.8854],[120.6997,13.8854],[120.6997,13.8856],[120.6996,13.8856],[120.6996,13.8857],[120.6995,13.8857],[120.6995,13.8858],[120.6994,13.8858],[120.6994,13.8865],[120.6993,13.8865],[120.6993,13.8872],[120.6992,13.8872],[120.6992,13.8876],[120.6991,13.8876],[120.6991,13.8877],[120.6992,13.8877],[120.6992,13.888]],[[120.707,13.8798],[120.707,13.8797],[120.7071,13.8797],[120.7071,13.8798],[120.707,13.8798]],[[120.7072,13.8798],[120.7072,13.8797],[120.7073,13.8797],[120.7073,13.8798],[120.7072,13.8798]]]}},
{"type":"Feature","properties":{"ClassID":1},"geometry":{"type":"Polygon","coordinates":[[[120.9039,13.8905],[120.9042,13.8905],[120.9042,13.8904],[120.9039,13.8904],[120.9039,13.8905]]]}},
{"type":"Feature","properties":{"ClassID":1},"geometry":{"type":"Polygon","coordinates":[[[120.9039,13.8902],[120.9042,13.8902],[120.9042,13.8901],[120.9039,13.8901],[120.9039,13.8902]]]}},
{"type":"Feature","properties":{"ClassID":1},"geometry":{"type":"Polygon","coordinates":[[[120.9032,13.8902],[120.9033,13.8902],[120.9033,13.8898],[120.9035,13.8898],[120.9035,13.8896],[120.9036,13.8896],[120.9036,13.8895],[120.9037,13.8895],[120.9037,13.8894],[120.9036,13.8894],[120.9036,13.8893],[120.9035,13.8893],[120.9035,13.8892],[120.9034,13.8892],[120.9034,13.8891],[120.9031,13.8891],[120.9031,13.8892],[120.903,13.8892],[120.903,13.8894],[120.9029,13.8894],[120.9029,13.8895],[120.903,13.8895],[120.903,13.8899],[120.9031,13.8899],[120.9031,13.8901],[120.9032,13.8901],[120.9032,13.8902]]]}},
{"type":"Feature","properties":{"ClassID":1},"geometry":{"type":"Polygon","coordinates":[[[120.905,13.8919],[120.9053,13.8919],[120.9053,13.8918],[120.905,13.8918],[120.905,13.8919]]]}},
{"type":"Feature","properties":{"ClassID":1},"geometry":{"type":"Polygon","coordinates":[[[120.8999,13.8929],[120.9,13.8929],[120.9,13.8928],[120.9002,13.8928],[120.9002,13.8926],[120.9001,13.8926],[120.9001,13.8927],[120.8999,13.8927],[120.8999,13.8929]]]}},
{"type":"Feature","properties":{"ClassID":1},"geometry":{"type":"Polygon","coordinates":[[[120.9032,13.8928],[120.9034,13.8928],[120.9034,13.8927],[120.9033,13.8927],[120.9033,13.8926],[120.9035,13.8926],[120.9035,13.8925],[120.9036,13.8925],[120.9036,13.8924],[120.9037,13.8924],[120.9037,13.8923],[120.9034,13.8923],[120.9034,13.8925],[120.9032,13.8925],[120.9032,13.8928]]]}},
{"type":"Feature","properties":{"ClassID":1},"geometry":{"type":"Polygon","coordinates":[[[120.9007,13.8927],[120.901,13.8927],[120.901,13.8922],[120.9009,13.8922],[120.9009,13.8921],[120.9006,13.8921],[120.9006,13.8923],[120.9004,13.8923],[120.9004,13.8924],[120.9003,13.8924],[120.9003,13.8925],[120.9005,13.8925],[120.9005,13.8924],[120.9006,13.8924],[120.9006,13.8925],[120.9008,13.8925],[120.9008,13.8926],[120.9007,13.8926],[120.9007,13.8927]]]}},
{"type":"Feature","properties":{"ClassID":1},"geometry":{"type":"Polygon","coordinates":[[[120.9008,13.8941],[120.901,13.8941],[120.901,13.894],[120.9011,13.894],[120.9011,13.8938],[120.9012,13.8938],[120.9012,13.8936],[120.9011,13.8936],[120.9011,13.8935],[120.901,13.8935],[120.901,13.8936],[120.9009,13.8936],[120.9009,13.8938],[120.9008,13.8938],[120.9008,13.8941]]]}},
{"type":"Feature","properties":{"ClassID":1},"geometry":{"type":"Polygon","coordinates":[[[120.9031,13.8938],[120.9032,13.8938],[120.9032,13.8937],[120.9033,13.8937],[120.9033,13.8936],[120.9032,13.8936],[120.9032,13.8935],[120.9033,13.8935],[120.9033,13.8934],[120.9032,13.8934],[120.9032,13.8933],[120.9031,13.8933],[120.9031,13.8935],[120.903,13.8935],[120.903,13.8937],[120.9031,13.8937],[120.9031,13.8938]]]}},
{"type":"Feature","properties":{"ClassID":1},"geometry":{"type":"Polygon","coordinates":[[[120.9036,13.8935],[120.9037,13.8935],[120.9037,13.8934],[120.9039,13.8934],[120.9039,13.8933],[120.9042,13.8933],[120.9042,13.8932],[120.9036,13.8932],[120.9036,13.8935]]]}},
{"type":"Feature","properties":{"ClassID":1},"geometry":{"type":"Polygon","coordinates":[[[120.9007,13.8934],[120.9009,13.8934],[120.9009,13.8933],[120.9008,13.8933],[120.9008,13.8931],[120.9007,13.8931],[120.9007,13.8932],[120.9006,13.8932],[120.9006,13.8933],[120.9007,13.8933],[120.9007,13.8934]]]}},
{"type":"Feature","properties":{"ClassID":1},"geometry":{"type":"Polygon","coordinates":[[[120.904,13.8929],[120.9042,13.8929],[120.9042,13.8927],[120.9041,13.8927],[120.9041,13.8928],[120.904,13.8928],[120.904,13.8929]]]}},
{"type":"Feature","properties":{"ClassID":1},"geometry":{"type":"Polygon","coordinates":[[[120.9002,13.8934],[120.9004,13.8934],[120.9004,13.8933],[120.9005,13.8933],[120.9005,13.8931],[120.9007,13.8931],[120.9007,13.893],[120.9006,13.893],[120.9006,13.8929],[120.9007,13.8929],[120.9007,13.8928],[120.9006,13.8928],[120.9006,13.8926],[120.9005,13.8926],[120.9005,13.8927],[120.9004,13.8927],[120.9004,13.893],[120.9003,13.893],[120.9003,13.8933],[120.9002,13.8933],[120.9002,13.8934]]]}},
{"type":"Feature","properties":{"ClassID":1},"geometry":{"type":"Polygon","coordinates":[[[120.9018,13.8949],[120.9019,13.8949],[120.9019,13.8948],[120.902,13.8948],[120.902,13.8949],[120.9022,13.8949],[120.9022,13.8947],[120.9025,13.8947],[120.9025,13.8946],[120.9026,13.8946],[120.9026,13.8945],[120.9024,13.8945],[120.9024,13.8946],[120.9017,13.8946],[120.9017,13.8947],[120.9018,13.8947],[120.9018,13.8949]]]}},
{"type":"Feature","properties":{"ClassID":1},"geometry":{"type":"Polygon","coordinates":[[[120.9016,13.8945],[120.9018,13.8945],[120.9018,13.8943],[120.9017,13.8943],[120.9017,13.8944],[120.9016,13.8944],[120.9016,13.8945]]]}},
{"type":"Feature","properties":{"ClassID":1},"geometry":{"type":"Polygon","coordinates":[[[120.9021,13.8943],[120.9022,13.8943],[120.9022,13.8942],[120.9023,13.8942],[120.9023,13.8941],[120.9024,13.8941],[120.9024,13.894],[120.9025,13.894],[120.9025,13.8941],[120.9026,13.8941],[120.9026,13.894],[120.9027,13.894],[120.9027,13.8941],[120.9029,13.8941],[120.9029,13.894],[120.9028,13.894],[120.9028,13.8939],[120.9029,13.8939],[120.9029,13.8938],[120.9027,13.8938],[120.9027,13.8939],[120.9025,13.8939],[120.9025,13.8938],[120.9026,13.8938],[120.9026,13.8937],[120.9027,13.8937],[120.9027,13.8936],[120.9028,13.8936],[120.9028,13.8935],[120.9026,13.8935],[120.9026,13.8936],[120.9025,13.8936],[120.9025,13.8935],[120.9024,13.8935],[120.9024,13.8937],[120.902,13.8937],[120.902,13.8938],[120.9018,13.8938],[120.9018,13.8939],[120.9019,13.8939],[120.9019,13.8941],[120.9021,13.8941],[120.9021,13.8943]]]}},
{"type":"Feature","properties":{"ClassID":1},"geometry":{"type":"Polygon","coordinates":[[[120.8697,13.9066],[120.87,13.9066],[120.87,13.9064],[120.8701,13.9064],[120.8701,13.9065],[120.8702,13.9065],[120.8702,13.9063],[120.8703,13.9063],[120.8703,13.9062],[120.8704,13.9062],[120.8704,13.9061],[120.8705,13.9061],[120.8705,13.906],[120.8707,13.906],[120.8707,13.9061],[120.8712,13.9061],[120.8712,13.906],[120.8711,13.906],[120.8711,13.9059],[120.871,13.9059],[120.871,13.9058],[120.8711,13.9058],[120.8711,13.9056],[120.8709,13.9056],[120.8709,13.9055],[120.8708,13.9055],[120.8708,13.9057],[120.8707,13.9057],[120.8707,13.9056],[120.8706,13.9056],[120.8706,13.9057],[120.8703,13.9057],[120.8703,13.9056],[120.8701,13.9056],[120.8701,13.9057],[120.87,13.9057],[120.87,13.9058],[120.8699,13.9058],[120.8699,13.9057],[120.8695,13.9057],[120.8695,13.9056],[120.8694,13.9056],[120.8694,13.9057],[120.8692,13.9057],[120.8692,13.9059],[120.8693,13.9059],[120.8693,13.906],[120.8692,13.906],[120.8692,13.9061],[120.8693,13.9061],[120.8693,13.9062],[120.8694,13.9062],[120.8694,13.9065],[120.8697,13.9065],[120.8697,13.9066]]]}},
{"type":"Feature","properties":{"ClassID":1},"geometry":{"type":"Polygon","coordinates":[[[120.8696,13.9056],[120.8698,13.9056],[120.8698,13.9055],[120.87,13.9055],[120.87,13.9054],[120.8702,13.9054],[120.8702,13.9051],[120.8701,13.9051],[120.8701,13.9052],[120.8697,13.9052],[120.8697,13.9053],[120.8696,13.9053],[120.8696,13.9054],[120.8695,13.9054],[120.8695,13.9055],[120.8696,13.9055],[120.8696,13.9056]]]}},
{"type":"Feature","properties":{"ClassID":1},"geometry":{"type":"Polygon","coordinates":[[[120.8712,13.906],[120.8713,13.906],[120.8713,13.9059],[120.8716,13.9059],[120.8716,13.906],[120.8717,13.906],[120.8717,13.9059],[120.8718,13.9059],[120.8718,13.906],[120.872,13.906],[120.872,13.9058],[120.8721,13.9058],[120.8721,13.9055],[120.8722,13.9055],[120.8722,13.9049],[120.8723,13.9049],[120.8723,13.9048],[120.8721,13.9048],[120.8721,13.905],[120.8719,13.905],[120.8719,13.9049],[120.8717,13.9049],[120.8717,13.9048],[120.8712,13.9048],[120.8712,13.9049],[120.8711,13.9049],[120.8711,13.905],[120.871,13.905],[120.871,13.9049],[120.8708,13.9049],[120.8708,13.9051],[120.8706,13.9051],[120.8706,13.905],[120.8705,13.905],[120.8705,13.9051],[120.8704,13.9051],[120.8704,13.9052],[120.8703,13.9052],[120.8703,13.9054],[120.8709,13.9054],[120.8709,13.9053],[120.8711,13.9053],[120.8711,13.9054],[120.8713,13.9054],[120.8713,13.9055],[120.8714,13.9055],[120.8714,13.9056],[120.8715,13.9056],[120.8715,13.9057],[120.8716,13.9057],[120.8716,13.9058],[120.8711,13.9058],[120.8711,13.9059],[120.8712,13.9059],[120.8712,13.906]],[[120.8711,13.9053],[120.8711,13.9052],[120.8712,13.9052],[120.8712,13.9053],[120.8711,13.9053]]]}},
{"type":"Feature","properties":{"ClassID":1},"geometry":{"type":"Polygon","coordinates":[[[120.8683,13.9063],[120.8684,13.9063],[120.8684,13.9062],[120.8685,13.9062],[120.8685,13.906],[120.8684,13.906],[120.8684,13.9061],[120.8683,13.9061],[120.8683,13.9063]]]}}
]
}
